X,sample_id,Strain,Promoter,mCherry,Terminator,BioRep,mCh_per_OD_at_max_gr,norm_fluo_per_OD_at_max_gr,remove
21,pPGK1-mCherry-tCLN2_biorep1,pPGK1-mCherry-tCLN2,pPGK1,mCherry,tCLN2,biorep1,6215.46557130115,1.2770632870436294,FALSE
22,pPGK1-mCherry-tHSP26_biorep1,pPGK1-mCherry-tHSP26,pPGK1,mCherry,tHSP26,biorep1,5075.065068715114,1.0427504109329098,FALSE
23,pPGK1-mCherry-tPAB1_biorep1,pPGK1-mCherry-tPAB1,pPGK1,mCherry,tPAB1,biorep1,4624.54481781903,0.9501840752515376,FALSE
24,pPGK1-mCherry-tPGK1_biorep1,pPGK1-mCherry-tPGK1,pPGK1,mCherry,tPGK1,biorep1,5009.425465505276,1.0292637418372836,FALSE
25,pPGK1-mCherry-tPMA1_biorep1,pPGK1-mCherry-tPMA1,pPGK1,mCherry,tPMA1,biorep1,1231.5581094874435,0.2530426127286916,FALSE
26,pPGK1-mCherry-tRPS13_biorep1,pPGK1-mCherry-tRPS13,pPGK1,mCherry,tRPS13,biorep1,4755.505945290407,0.9770920592158869,FALSE
27,pPGK1-mCherry-tRPS3_biorep1,pPGK1-mCherry-tRPS3,pPGK1,mCherry,tRPS3,biorep1,5302.868671370642,1.0895561754038645,FALSE
28,pPGK1-mCherry-tSRO9_biorep1,pPGK1-mCherry-tSRO9,pPGK1,mCherry,tSRO9,biorep1,1694.5105570233216,0.34816333500007174,FALSE
29,pPGK1-mCherry-tSUN4_biorep1,pPGK1-mCherry-tSUN4,pPGK1,mCherry,tSUN4,biorep1,2251.728331176331,0.46265232284752744,FALSE
30,pPGK1-mCherry-tTOS6_biorep1,pPGK1-mCherry-tTOS6,pPGK1,mCherry,tTOS6,biorep1,2390.334890309283,0.49113117869212347,FALSE
21,pPGK1-mCherry-tCLN2_biorep2,pPGK1-mCherry-tCLN2,pPGK1,mCherry,tCLN2,biorep2,6644.358952351876,1.3651860486795264,FALSE
22,pPGK1-mCherry-tHSP26_biorep2,pPGK1-mCherry-tHSP26,pPGK1,mCherry,tHSP26,biorep2,5629.291070959885,1.1566246930880257,FALSE
23,pPGK1-mCherry-tPAB1_biorep2,pPGK1-mCherry-tPAB1,pPGK1,mCherry,tPAB1,biorep2,5260.500419466018,1.0808509644389062,FALSE
24,pPGK1-mCherry-tPGK1_biorep2,pPGK1-mCherry-tPGK1,pPGK1,mCherry,tPGK1,biorep2,5635.339632770576,1.1578674634226431,FALSE
25,pPGK1-mCherry-tPMA1_biorep2,pPGK1-mCherry-tPMA1,pPGK1,mCherry,tPMA1,biorep2,1647.1750108924666,0.3384375168063398,FALSE
26,pPGK1-mCherry-tRPS13_biorep2,pPGK1-mCherry-tRPS13,pPGK1,mCherry,tRPS13,biorep2,4458.901867654827,0.9161501757816354,FALSE
27,pPGK1-mCherry-tRPS3_biorep2,pPGK1-mCherry-tRPS3,pPGK1,mCherry,tRPS3,biorep2,5248.628802952,1.0784117576837573,FALSE
28,pPGK1-mCherry-tSRO9_biorep2,pPGK1-mCherry-tSRO9,pPGK1,mCherry,tSRO9,biorep2,2054.696872759585,0.4221691701294898,FALSE
29,pPGK1-mCherry-tSUN4_biorep2,pPGK1-mCherry-tSUN4,pPGK1,mCherry,tSUN4,biorep2,2353.3904012664725,0.4835403634790192,FALSE
30,pPGK1-mCherry-tTOS6_biorep2,pPGK1-mCherry-tTOS6,pPGK1,mCherry,tTOS6,biorep2,2372.04634014999,0.48737351392610345,FALSE
21,pPGK1-mCherry-tCLN2_biorep3,pPGK1-mCherry-tCLN2,pPGK1,mCherry,tCLN2,biorep3,6166.2421971044505,1.2669495854504187,FALSE
22,pPGK1-mCherry-tHSP26_biorep3,pPGK1-mCherry-tHSP26,pPGK1,mCherry,tHSP26,biorep3,5504.4211136868735,1.1309682340088572,FALSE
23,pPGK1-mCherry-tPAB1_biorep3,pPGK1-mCherry-tPAB1,pPGK1,mCherry,tPAB1,biorep3,5073.919177655639,1.0425149699371838,FALSE
24,pPGK1-mCherry-tPGK1_biorep3,pPGK1-mCherry-tPGK1,pPGK1,mCherry,tPGK1,biorep3,4948.786919090756,1.016804617011102,FALSE
25,pPGK1-mCherry-tPMA1_biorep3,pPGK1-mCherry-tPMA1,pPGK1,mCherry,tPMA1,biorep3,1356.3553326638605,0.27868412746565263,FALSE
26,pPGK1-mCherry-tRPS13_biorep3,pPGK1-mCherry-tRPS13,pPGK1,mCherry,tRPS13,biorep3,4212.1848776523975,0.8654583641051603,FALSE
27,pPGK1-mCherry-tRPS3_biorep3,pPGK1-mCherry-tRPS3,pPGK1,mCherry,tRPS3,biorep3,5762.450176261549,1.1839842855056109,FALSE
28,pPGK1-mCherry-tSRO9_biorep3,pPGK1-mCherry-tSRO9,pPGK1,mCherry,tSRO9,biorep3,2007.6207617260263,0.41249665687877896,FALSE
29,pPGK1-mCherry-tSUN4_biorep3,pPGK1-mCherry-tSUN4,pPGK1,mCherry,tSUN4,biorep3,2770.0871672674425,0.5691571423968772,FALSE
30,pPGK1-mCherry-tTOS6_biorep3,pPGK1-mCherry-tTOS6,pPGK1,mCherry,tTOS6,biorep3,2852.2216857445337,0.5860329462997121,FALSE
21,pPGK1-mCherry-tCLN2_biorep4,pPGK1-mCherry-tCLN2,pPGK1,mCherry,tCLN2,biorep4,4934.533072211822,1.013875944277031,FALSE
22,pPGK1-mCherry-tHSP26_biorep4,pPGK1-mCherry-tHSP26,pPGK1,mCherry,tHSP26,biorep4,4129.770875623714,0.8485251359950836,FALSE
23,pPGK1-mCherry-tPAB1_biorep4,pPGK1-mCherry-tPAB1,pPGK1,mCherry,tPAB1,biorep4,4536.41779300223,0.9320770184753614,FALSE
24,pPGK1-mCherry-tPGK1_biorep4,pPGK1-mCherry-tPGK1,pPGK1,mCherry,tPGK1,biorep4,4494.716311520788,0.9235088057800522,FALSE
25,pPGK1-mCherry-tPMA1_biorep4,pPGK1-mCherry-tPMA1,pPGK1,mCherry,tPMA1,biorep4,1065.8272619208287,0.21899065338147874,FALSE
26,pPGK1-mCherry-tRPS13_biorep4,pPGK1-mCherry-tRPS13,pPGK1,mCherry,tRPS13,biorep4,4444.530877101097,0.9131974340724126,FALSE
27,pPGK1-mCherry-tRPS3_biorep4,pPGK1-mCherry-tRPS3,pPGK1,mCherry,tRPS3,biorep4,4617.570551047271,0.948751104551903,FALSE
28,pPGK1-mCherry-tSRO9_biorep4,pPGK1-mCherry-tSRO9,pPGK1,mCherry,tSRO9,biorep4,1847.3911738717468,0.37957501620689665,FALSE
29,pPGK1-mCherry-tSUN4_biorep4,pPGK1-mCherry-tSUN4,pPGK1,mCherry,tSUN4,biorep4,2218.242712636538,0.45577218593894747,FALSE
30,pPGK1-mCherry-tTOS6_biorep4,pPGK1-mCherry-tTOS6,pPGK1,mCherry,tTOS6,biorep4,2465.81011950907,0.5066387288806886,FALSE
22,pPGK1-mCherry-tCLN2_biorep5,pPGK1-mCherry-tCLN2,pPGK1,mCherry,tCLN2,biorep5,5386.506609062266,1.106740879977436,FALSE
23,pPGK1-mCherry-tHSP26_biorep5,pPGK1-mCherry-tHSP26,pPGK1,mCherry,tHSP26,biorep5,5661.309986803258,1.1632034733009378,FALSE
24,pPGK1-mCherry-tPAB1_biorep5,pPGK1-mCherry-tPAB1,pPGK1,mCherry,tPAB1,biorep5,5454.449341274443,1.1207007624567535,FALSE
25,pPGK1-mCherry-tPGK1_biorep5,pPGK1-mCherry-tPGK1,pPGK1,mCherry,tPGK1,biorep5,4411.376094448449,0.9063852725006217,FALSE
26,pPGK1-mCherry-tPMA1_biorep5,pPGK1-mCherry-tPMA1,pPGK1,mCherry,tPMA1,biorep5,1343.390497324946,0.27602030203794176,FALSE
27,pPGK1-mCherry-tRPS13_biorep5,pPGK1-mCherry-tRPS13,pPGK1,mCherry,tRPS13,biorep5,3938.887964772781,0.809305297227524,FALSE
28,pPGK1-mCherry-tRPS3_biorep5,pPGK1-mCherry-tRPS3,pPGK1,mCherry,tRPS3,biorep5,4681.488850585703,0.9618841052538444,FALSE
29,pPGK1-mCherry-tSRO9_biorep5,pPGK1-mCherry-tSRO9,pPGK1,mCherry,tSRO9,biorep5,2024.800445467254,0.41602648793282654,FALSE
30,pPGK1-mCherry-tSUN4_biorep5,pPGK1-mCherry-tSUN4,pPGK1,mCherry,tSUN4,biorep5,2303.917827105989,0.4733754599088638,FALSE
31,pPGK1-mCherry-tTOS6_biorep5,pPGK1-mCherry-tTOS6,pPGK1,mCherry,tTOS6,biorep5,2768.9237503443755,0.5689181004421064,FALSE
33,pPGK1-mCherry-tCLN2_biorep6,pPGK1-mCherry-tCLN2,pPGK1,mCherry,tCLN2,biorep6,4717.708468713443,0.9693259845549299,FALSE
34,pPGK1-mCherry-tHSP26_biorep6,pPGK1-mCherry-tHSP26,pPGK1,mCherry,tHSP26,biorep6,5111.83316803466,1.0503049841562213,FALSE
35,pPGK1-mCherry-tPAB1_biorep6,pPGK1-mCherry-tPAB1,pPGK1,mCherry,tPAB1,biorep6,5588.762708041186,1.1482975156990252,FALSE
36,pPGK1-mCherry-tPGK1_biorep6,pPGK1-mCherry-tPGK1,pPGK1,mCherry,tPGK1,biorep6,4702.348779474651,0.9661700994482968,FALSE
37,pPGK1-mCherry-tPMA1_biorep6,pPGK1-mCherry-tPMA1,pPGK1,mCherry,tPMA1,biorep6,1238.246876352911,0.2544169230681975,FALSE
38,pPGK1-mCherry-tRPS13_biorep6,pPGK1-mCherry-tRPS13,pPGK1,mCherry,tRPS13,biorep6,3594.674385474486,0.7385813072092331,FALSE
39,pPGK1-mCherry-tRPS3_biorep6,pPGK1-mCherry-tRPS3,pPGK1,mCherry,tRPS3,biorep6,4402.202555917886,0.9045004274901761,FALSE
40,pPGK1-mCherry-tSRO9_biorep6,pPGK1-mCherry-tSRO9,pPGK1,mCherry,tSRO9,biorep6,1650.6034740636069,0.3391419474554389,FALSE
41,pPGK1-mCherry-tSUN4_biorep6,pPGK1-mCherry-tSUN4,pPGK1,mCherry,tSUN4,biorep6,1852.020843251754,0.38052625320250594,FALSE
42,pPGK1-mCherry-tTOS6_biorep6,pPGK1-mCherry-tTOS6,pPGK1,mCherry,tTOS6,biorep6,2208.217260955648,0.453712302229381,FALSE
41,pRPS3-mCherry-tCLN2_biorep1,pRPS3-mCherry-tCLN2,pRPS3,mCherry,tCLN2,biorep1,4564.912079047592,1.4533461917763655,FALSE
42,pRPS3-mCherry-tHSP26_biorep1,pRPS3-mCherry-tHSP26,pRPS3,mCherry,tHSP26,biorep1,2144.540225957851,0.6827643811175744,FALSE
43,pRPS3-mCherry-tPAB1_biorep1,pRPS3-mCherry-tPAB1,pRPS3,mCherry,tPAB1,biorep1,3904.164286271328,1.2429817265408434,FALSE
44,pRPS3-mCherry-tPGK1_biorep1,pRPS3-mCherry-tPGK1,pRPS3,mCherry,tPGK1,biorep1,3390.693749145857,1.0795064094266607,FALSE
45,pRPS3-mCherry-tPMA1_biorep1,pRPS3-mCherry-tPMA1,pRPS3,mCherry,tPMA1,biorep1,752.7257816393086,0.23964780246668402,FALSE
46,pRPS3-mCherry-tRPS13_biorep1,pRPS3-mCherry-tRPS13,pRPS3,mCherry,tRPS13,biorep1,4706.621473151288,1.4984626813589015,FALSE
47,pRPS3-mCherry-tRPS3_biorep1,pRPS3-mCherry-tRPS3,pRPS3,mCherry,tRPS3,biorep1,5826.810099717771,1.855100847943538,FALSE
48,pRPS3-mCherry-tSRO9_biorep1,pRPS3-mCherry-tSRO9,pRPS3,mCherry,tSRO9,biorep1,1238.265854768659,0.3942308051659574,FALSE
49,pRPS3-mCherry-tSUN4_biorep1,pRPS3-mCherry-tSUN4,pRPS3,mCherry,tSUN4,biorep1,1185.294854874374,0.37736625232510457,FALSE
50,pRPS3-mCherry-tTOS6_biorep1,pRPS3-mCherry-tTOS6,pRPS3,mCherry,tTOS6,biorep1,1516.2725969342769,0.4827407332912001,FALSE
41,pRPS3-mCherry-tCLN2_biorep2,pRPS3-mCherry-tCLN2,pRPS3,mCherry,tCLN2,biorep2,4745.102342437243,1.510713963281653,FALSE
42,pRPS3-mCherry-tHSP26_biorep2,pRPS3-mCherry-tHSP26,pRPS3,mCherry,tHSP26,biorep2,2318.252544620445,0.7380697478850318,FALSE
43,pRPS3-mCherry-tPAB1_biorep2,pRPS3-mCherry-tPAB1,pRPS3,mCherry,tPAB1,biorep2,6363.304614973233,2.025906385301907,FALSE
44,pRPS3-mCherry-tPGK1_biorep2,pRPS3-mCherry-tPGK1,pRPS3,mCherry,tPGK1,biorep2,3283.2732414254915,1.045306586273298,FALSE
45,pRPS3-mCherry-tPMA1_biorep2,pRPS3-mCherry-tPMA1,pRPS3,mCherry,tPMA1,biorep2,935.87204069027,0.29795668411010356,FALSE
46,pRPS3-mCherry-tRPS13_biorep2,pRPS3-mCherry-tRPS13,pRPS3,mCherry,tRPS13,biorep2,5136.670732267903,1.6353788896429786,FALSE
47,pRPS3-mCherry-tRPS3_biorep2,pRPS3-mCherry-tRPS3,pRPS3,mCherry,tRPS3,biorep2,6694.095437294593,2.1312213560111837,FALSE
48,pRPS3-mCherry-tSRO9_biorep2,pRPS3-mCherry-tSRO9,pRPS3,mCherry,tSRO9,biorep2,1420.0593916346995,0.4521090161629455,FALSE
49,pRPS3-mCherry-tSUN4_biorep2,pRPS3-mCherry-tSUN4,pRPS3,mCherry,tSUN4,biorep2,1135.3200183517988,0.3614555979495039,FALSE
50,pRPS3-mCherry-tTOS6_biorep2,pRPS3-mCherry-tTOS6,pRPS3,mCherry,tTOS6,biorep2,1724.359893956492,0.5489901758757263,FALSE
41,pRPS3-mCherry-tCLN2_biorep3,pRPS3-mCherry-tCLN2,pRPS3,mCherry,tCLN2,biorep3,3696.7267230986154,1.17693914187592,FALSE
42,pRPS3-mCherry-tHSP26_biorep3,pRPS3-mCherry-tHSP26,pRPS3,mCherry,tHSP26,biorep3,2052.167557858907,0.6533553885496756,FALSE
43,pRPS3-mCherry-tPAB1_biorep3,pRPS3-mCherry-tPAB1,pRPS3,mCherry,tPAB1,biorep3,3785.467906120943,1.2051919665012167,FALSE
44,pRPS3-mCherry-tPGK1_biorep3,pRPS3-mCherry-tPGK1,pRPS3,mCherry,tPGK1,biorep3,2427.3151900590187,0.772792383867602,FALSE
45,pRPS3-mCherry-tPMA1_biorep3,pRPS3-mCherry-tPMA1,pRPS3,mCherry,tPMA1,biorep3,790.0253173070587,0.251522979289161,FALSE
46,pRPS3-mCherry-tRPS13_biorep3,pRPS3-mCherry-tRPS13,pRPS3,mCherry,tRPS13,biorep3,3701.976206319551,1.1786104372515656,FALSE
47,pRPS3-mCherry-tRPS3_biorep3,pRPS3-mCherry-tRPS3,pRPS3,mCherry,tRPS3,biorep3,4804.46481674309,1.5296133910193335,FALSE
48,pRPS3-mCherry-tSRO9_biorep3,pRPS3-mCherry-tSRO9,pRPS3,mCherry,tSRO9,biorep3,1378.8439811702958,0.4389871292999156,FALSE
49,pRPS3-mCherry-tSUN4_biorep3,pRPS3-mCherry-tSUN4,pRPS3,mCherry,tSUN4,biorep3,1071.9860443127145,0.3412917506758077,FALSE
50,pRPS3-mCherry-tTOS6_biorep3,pRPS3-mCherry-tTOS6,pRPS3,mCherry,tTOS6,biorep3,1516.1277274041918,0.48269461069864894,FALSE
41,pRPS3-mCherry-tCLN2_biorep4,pRPS3-mCherry-tCLN2,pRPS3,mCherry,tCLN2,biorep4,4237.985151926095,1.3492613821910933,FALSE
42,pRPS3-mCherry-tHSP26_biorep4,pRPS3-mCherry-tHSP26,pRPS3,mCherry,tHSP26,biorep4,2112.8349072659216,0.6726702536991148,FALSE
43,pRPS3-mCherry-tPAB1_biorep4,pRPS3-mCherry-tPAB1,pRPS3,mCherry,tPAB1,biorep4,4829.934703866185,1.5377223234181034,FALSE
44,pRPS3-mCherry-tPGK1_biorep4,pRPS3-mCherry-tPGK1,pRPS3,mCherry,tPGK1,biorep4,3293.2094445413327,1.0484700081988605,FALSE
45,pRPS3-mCherry-tPMA1_biorep4,pRPS3-mCherry-tPMA1,pRPS3,mCherry,tPMA1,biorep4,950.554338538216,0.3026311359493361,FALSE
46,pRPS3-mCherry-tRPS13_biorep4,pRPS3-mCherry-tRPS13,pRPS3,mCherry,tRPS13,biorep4,4853.436249660623,1.5452045884628072,FALSE
47,pRPS3-mCherry-tRPS3_biorep4,pRPS3-mCherry-tRPS3,pRPS3,mCherry,tRPS3,biorep4,6409.823828205521,2.0407168614348192,FALSE
48,pRPS3-mCherry-tSRO9_biorep4,pRPS3-mCherry-tSRO9,pRPS3,mCherry,tSRO9,biorep4,1647.7369693444052,0.5245954813538162,FALSE
49,pRPS3-mCherry-tSUN4_biorep4,pRPS3-mCherry-tSUN4,pRPS3,mCherry,tSUN4,biorep4,1320.9542194552178,0.4205565739519574,FALSE
50,pRPS3-mCherry-tTOS6_biorep4,pRPS3-mCherry-tTOS6,pRPS3,mCherry,tTOS6,biorep4,1165.8031532165958,0.37116061465124967,FALSE
42,pRPS3-mCherry-tCLN2_biorep5,pRPS3-mCherry-tCLN2,pRPS3,mCherry,tCLN2,biorep5,5271.474229531748,1.6782967259548272,FALSE
43,pRPS3-mCherry-tHSP26_biorep5,pRPS3-mCherry-tHSP26,pRPS3,mCherry,tHSP26,biorep5,2462.931691133322,0.7841317273871243,FALSE
44,pRPS3-mCherry-tPAB1_biorep5,pRPS3-mCherry-tPAB1,pRPS3,mCherry,tPAB1,biorep5,5162.567772981171,1.6436238163463113,FALSE
45,pRPS3-mCherry-tPGK1_biorep5,pRPS3-mCherry-tPGK1,pRPS3,mCherry,tPGK1,biorep5,3112.5127200060915,0.9909409929796786,FALSE
46,pRPS3-mCherry-tPMA1_biorep5,pRPS3-mCherry-tPMA1,pRPS3,mCherry,tPMA1,biorep5,835.2252152031302,0.2659134206248114,FALSE
47,pRPS3-mCherry-tRPS13_biorep5,pRPS3-mCherry-tRPS13,pRPS3,mCherry,tRPS13,biorep5,4015.392398248392,1.278393789284025,FALSE
48,pRPS3-mCherry-tRPS3_biorep5,pRPS3-mCherry-tRPS3,pRPS3,mCherry,tRPS3,biorep5,5845.860942646496,1.8611661279623306,FALSE
49,pRPS3-mCherry-tSRO9_biorep5,pRPS3-mCherry-tSRO9,pRPS3,mCherry,tSRO9,biorep5,1572.2841921738232,0.5005733305520214,FALSE
50,pRPS3-mCherry-tSUN4_biorep5,pRPS3-mCherry-tSUN4,pRPS3,mCherry,tSUN4,biorep5,1448.131009719585,0.4610462702730358,FALSE
51,pRPS3-mCherry-tTOS6_biorep5,pRPS3-mCherry-tTOS6,pRPS3,mCherry,tTOS6,biorep5,1586.9687983948854,0.5052485173156553,FALSE
53,pRPS3-mCherry-tCLN2_biorep6_biorep6,pRPS3-mCherry-tCLN2,pRPS3,mCherry,tCLN2,biorep6,5016.5267044212,1.5971282372071685,FALSE
54,pRPS3-mCherry-tHSP26_biorep6,pRPS3-mCherry-tHSP26,pRPS3,mCherry,tHSP26,biorep6,2506.4790163258062,0.7979960336726789,FALSE
55,pRPS3-mCherry-tPAB1_biorep6,pRPS3-mCherry-tPAB1,pRPS3,mCherry,tPAB1,biorep6,4819.359661886933,1.534355512245778,FALSE
56,pRPS3-mCherry-tPGK1_biorep6,pRPS3-mCherry-tPGK1,pRPS3,mCherry,tPGK1,biorep6,3338.7962144318376,1.0629836192539004,FALSE
57,pRPS3-mCherry-tPMA1_biorep6,pRPS3-mCherry-tPMA1,pRPS3,mCherry,tPMA1,biorep6,889.3735550977954,0.2831528071045928,FALSE
58,pRPS3-mCherry-tRPS13_biorep6,pRPS3-mCherry-tRPS13,pRPS3,mCherry,tRPS13,biorep6,4675.948545336899,1.48869723964661,FALSE
59,pRPS3-mCherry-tRPS3_biorep6,pRPS3-mCherry-tRPS3,pRPS3,mCherry,tRPS3,biorep6,5465.177322796083,1.7399666219037888,FALSE
60,pRPS3-mCherry-tSRO9_biorep6,pRPS3-mCherry-tSRO9,pRPS3,mCherry,tSRO9,biorep6,1428.8896961063278,0.4549203494709781,FALSE
61,pRPS3-mCherry-tSUN4_biorep6,pRPS3-mCherry-tSUN4,pRPS3,mCherry,tSUN4,biorep6,1323.2924508139768,0.4213010044211316,FALSE
62,pRPS3-mCherry-tTOS6_biorep6,pRPS3-mCherry-tTOS6,pRPS3,mCherry,tTOS6,biorep6,1754.63796049919,0.5586299042959422,FALSE
31,pRPS13-mCherry-tCLN2_biorep1,pRPS13-mCherry-tCLN2,pRPS13,mCherry,tCLN2,biorep1,5037.005184634347,1.3690365409676664,FALSE
32,pRPS13-mCherry-tHSP26_biorep1,pRPS13-mCherry-tHSP26,pRPS13,mCherry,tHSP26,biorep1,4719.780792623534,1.282816303260966,FALSE
33,pRPS13-mCherry-tPAB1_biorep1,pRPS13-mCherry-tPAB1,pRPS13,mCherry,tPAB1,biorep1,4967.535344886699,1.3501549346116066,FALSE
34,pRPS13-mCherry-tPGK1_biorep1,pRPS13-mCherry-tPGK1,pRPS13,mCherry,tPGK1,biorep1,3638.319298076267,0.9888796783392287,FALSE
35,pRPS13-mCherry-tPMA1_biorep1,pRPS13-mCherry-tPMA1,pRPS13,mCherry,tPMA1,biorep1,828.2980149271591,0.22512787016886526,FALSE
36,pRPS13-mCherry-tRPS13_biorep1,pRPS13-mCherry-tRPS13,pRPS13,mCherry,tRPS13,biorep1,5161.304198020412,1.4028204830312687,FALSE
37,pRPS13-mCherry-tRPS3_biorep1,pRPS13-mCherry-tRPS3,pRPS13,mCherry,tRPS3,biorep1,5390.784158297942,1.465192158168338,FALSE
38,pRPS13-mCherry-tSRO9_biorep1,pRPS13-mCherry-tSRO9,pRPS13,mCherry,tSRO9,biorep1,1563.8209208416183,0.4250398611247999,FALSE
39,pRPS13-mCherry-tSUN4_biorep1,pRPS13-mCherry-tSUN4,pRPS13,mCherry,tSUN4,biorep1,1402.563945492001,0.3812109025180054,FALSE
40,pRPS13-mCherry-tTOS6_biorep1,pRPS13-mCherry-tTOS6,pRPS13,mCherry,tTOS6,biorep1,1812.764879801645,0.4927017681462779,FALSE
31,pRPS13-mCherry-tCLN2_biorep2,pRPS13-mCherry-tCLN2,pRPS13,mCherry,tCLN2,biorep2,6413.874214377388,1.7432636748993853,FALSE
32,pRPS13-mCherry-tHSP26_biorep2,pRPS13-mCherry-tHSP26,pRPS13,mCherry,tHSP26,biorep2,5135.430783670946,1.3957881992861436,FALSE
33,pRPS13-mCherry-tPAB1_biorep2,pRPS13-mCherry-tPAB1,pRPS13,mCherry,tPAB1,biorep2,5907.783339937691,1.605710332236205,FALSE
34,pRPS13-mCherry-tPGK1_biorep2,pRPS13-mCherry-tPGK1,pRPS13,mCherry,tPGK1,biorep2,4139.72662267506,1.1251600521174054,FALSE
35,pRPS13-mCherry-tPMA1_biorep2,pRPS13-mCherry-tPMA1,pRPS13,mCherry,tPMA1,biorep2,1104.2278749308011,0.30012443007740963,FALSE
36,pRPS13-mCherry-tRPS13_biorep2,pRPS13-mCherry-tRPS13,pRPS13,mCherry,tRPS13,biorep2,5186.536181754581,1.4096784286689974,FALSE
37,pRPS13-mCherry-tRPS3_biorep2,pRPS13-mCherry-tRPS3,pRPS13,mCherry,tRPS3,biorep2,6250.557403334099,1.698874861730275,FALSE
38,pRPS13-mCherry-tSRO9_biorep2,pRPS13-mCherry-tSRO9,pRPS13,mCherry,tSRO9,biorep2,2074.226186577956,0.5637658369540434,FALSE
39,pRPS13-mCherry-tSUN4_biorep2,pRPS13-mCherry-tSUN4,pRPS13,mCherry,tSUN4,biorep2,1781.8052726725168,0.48428707888149874,FALSE
40,pRPS13-mCherry-tTOS6_biorep2,pRPS13-mCherry-tTOS6,pRPS13,mCherry,tTOS6,biorep2,1993.9095254925965,0.5419361107886225,FALSE
31,pRPS13-mCherry-tCLN2_biorep3,pRPS13-mCherry-tCLN2,pRPS13,mCherry,tCLN2,biorep3,4517.601573440978,1.2278648531950433,FALSE
32,pRPS13-mCherry-tHSP26_biorep3,pRPS13-mCherry-tHSP26,pRPS13,mCherry,tHSP26,biorep3,3702.19813326978,1.0062416734868909,FALSE
33,pRPS13-mCherry-tPAB1_biorep3,pRPS13-mCherry-tPAB1,pRPS13,mCherry,tPAB1,biorep3,4252.961774350259,1.155936883723271,FALSE
34,pRPS13-mCherry-tPGK1_biorep3,pRPS13-mCherry-tPGK1,pRPS13,mCherry,tPGK1,biorep3,3293.965374743763,0.8952857496480476,FALSE
35,pRPS13-mCherry-tPMA1_biorep3,pRPS13-mCherry-tPMA1,pRPS13,mCherry,tPMA1,biorep3,790.846220119786,0.2149486319634873,FALSE
36,pRPS13-mCherry-tRPS13_biorep3,pRPS13-mCherry-tRPS13,pRPS13,mCherry,tRPS13,biorep3,4617.546960167612,1.2550295833301859,FALSE
37,pRPS13-mCherry-tRPS3_biorep3,pRPS13-mCherry-tRPS3,pRPS13,mCherry,tRPS3,biorep3,4536.196723296192,1.2329189356713164,FALSE
38,pRPS13-mCherry-tSRO9_biorep3,pRPS13-mCherry-tSRO9,pRPS13,mCherry,tSRO9,biorep3,1580.063543861915,0.4294545368340454,FALSE
39,pRPS13-mCherry-tSUN4_biorep3,pRPS13-mCherry-tSUN4,pRPS13,mCherry,tSUN4,biorep3,1288.017556469336,0.35007768218972213,FALSE
40,pRPS13-mCherry-tTOS6_biorep3,pRPS13-mCherry-tTOS6,pRPS13,mCherry,tTOS6,biorep3,1764.1523802658166,0.47948909796373684,FALSE
31,pRPS13-mCherry-tCLN2_biorep4,pRPS13-mCherry-tCLN2,pRPS13,mCherry,tCLN2,biorep4,4679.304541695256,1.2718150307724585,FALSE
32,pRPS13-mCherry-tHSP26_biorep4,pRPS13-mCherry-tHSP26,pRPS13,mCherry,tHSP26,biorep4,4781.401300039352,1.2995644945438678,FALSE
33,pRPS13-mCherry-tPAB1_biorep4,pRPS13-mCherry-tPAB1,pRPS13,mCherry,tPAB1,biorep4,5615.5251686386655,1.5262758069104583,FALSE
34,pRPS13-mCherry-tPGK1_biorep4,pRPS13-mCherry-tPGK1,pRPS13,mCherry,tPGK1,biorep4,3882.544059947977,1.0552589277057887,FALSE
35,pRPS13-mCherry-tPMA1_biorep4,pRPS13-mCherry-tPMA1,pRPS13,mCherry,tPMA1,biorep4,1003.800421250737,0.2728286761989418,FALSE
36,pRPS13-mCherry-tRPS13_biorep4,pRPS13-mCherry-tRPS13,pRPS13,mCherry,tRPS13,biorep4,5261.289206646283,1.4299959822297517,FALSE
37,pRPS13-mCherry-tRPS3_biorep4,pRPS13-mCherry-tRPS3,pRPS13,mCherry,tRPS3,biorep4,6288.57587312425,1.709208119780747,FALSE
38,pRPS13-mCherry-tSRO9_biorep4,pRPS13-mCherry-tSRO9,pRPS13,mCherry,tSRO9,biorep4,2148.242163160801,0.5838830639258233,FALSE
39,pRPS13-mCherry-tSUN4_biorep4,pRPS13-mCherry-tSUN4,pRPS13,mCherry,tSUN4,biorep4,1732.8057877158606,0.47096922771094696,FALSE
40,pRPS13-mCherry-tTOS6_biorep4,pRPS13-mCherry-tTOS6,pRPS13,mCherry,tTOS6,biorep4,2052.182252291868,0.5577743895685201,FALSE
32,pRPS13-mCherry-tCLN2_biorep5,pRPS13-mCherry-tCLN2,pRPS13,mCherry,tCLN2,biorep5,4990.651662635757,1.3564378512517603,FALSE
33,pRPS13-mCherry-tHSP26_biorep5,pRPS13-mCherry-tHSP26,pRPS13,mCherry,tHSP26,biorep5,4602.224229857314,1.250864930538844,FALSE
34,pRPS13-mCherry-tPAB1_biorep5,pRPS13-mCherry-tPAB1,pRPS13,mCherry,tPAB1,biorep5,5564.30005956867,1.5123530405917318,FALSE
35,pRPS13-mCherry-tPGK1_biorep5,pRPS13-mCherry-tPGK1,pRPS13,mCherry,tPGK1,biorep5,3370.7984633911165,0.91616865567215,FALSE
36,pRPS13-mCherry-tPMA1_biorep5,pRPS13-mCherry-tPMA1,pRPS13,mCherry,tPMA1,biorep5,567.1278033789077,0.15414291980340963,FALSE
37,pRPS13-mCherry-tRPS13_biorep5,pRPS13-mCherry-tRPS13,pRPS13,mCherry,tRPS13,biorep5,4583.11729075228,1.2456717459257662,FALSE
38,pRPS13-mCherry-tRPS3_biorep5,pRPS13-mCherry-tRPS3,pRPS13,mCherry,tRPS3,biorep5,5285.637315355823,1.4366136944029493,FALSE
39,pRPS13-mCherry-tSRO9_biorep5,pRPS13-mCherry-tSRO9,pRPS13,mCherry,tSRO9,biorep5,1781.827025531737,0.48429299121592195,FALSE
40,pRPS13-mCherry-tSUN4_biorep5,pRPS13-mCherry-tSUN4,pRPS13,mCherry,tSUN4,biorep5,1714.357665077374,0.4659551066055357,FALSE
41,pRPS13-mCherry-tTOS6_biorep5,pRPS13-mCherry-tTOS6,pRPS13,mCherry,tTOS6,biorep5,1866.6002558685263,0.507333993909541,FALSE
43,pRPS13-mCherry-tCLN2_biorep6,pRPS13-mCherry-tCLN2,pRPS13,mCherry,tCLN2,biorep6,5177.028288733142,1.407094223869354,FALSE
44,pRPS13-mCherry-tHSP26_biorep6,pRPS13-mCherry-tHSP26,pRPS13,mCherry,tHSP26,biorep6,4404.30243656028,1.197070630683034,FALSE
45,pRPS13-mCherry-tPAB1_biorep6,pRPS13-mCherry-tPAB1,pRPS13,mCherry,tPAB1,biorep6,5715.376566860975,1.553414991370714,FALSE
46,pRPS13-mCherry-tPGK1_biorep6,pRPS13-mCherry-tPGK1,pRPS13,mCherry,tPGK1,biorep6,3750.047533451461,1.0192469365173797,FALSE
47,pRPS13-mCherry-tPMA1_biorep6,pRPS13-mCherry-tPMA1,pRPS13,mCherry,tPMA1,biorep6,1012.2132825820906,0.2751152560523539,FALSE
48,pRPS13-mCherry-tRPS13_biorep6,pRPS13-mCherry-tRPS13,pRPS13,mCherry,tRPS13,biorep6,5055.283023166558,1.3740043795787598,FALSE
49,pRPS13-mCherry-tRPS3_biorep6,pRPS13-mCherry-tRPS3,pRPS13,mCherry,tRPS3,biorep6,4818.588297291799,1.3096717619024105,FALSE
50,pRPS13-mCherry-tSRO9_biorep6,pRPS13-mCherry-tSRO9,pRPS13,mCherry,tSRO9,biorep6,1812.457747366964,0.4926182908595605,FALSE
51,pRPS13-mCherry-tSUN4_biorep6,pRPS13-mCherry-tSUN4,pRPS13,mCherry,tSUN4,biorep6,1411.9547976683689,0.38376329611479826,FALSE
52,pRPS13-mCherry-tTOS6_biorep6,pRPS13-mCherry-tTOS6,pRPS13,mCherry,tTOS6,biorep6,1698.7627480376884,0.46171647462123316,FALSE
12,pHSP26-mCherry-tCLN2_biorep1,pHSP26-mCherry-tCLN2,pHSP26,mCherry,tCLN2,biorep1,12427.520669396918,0.9861266913757537,FALSE
13,pHSP26-mCherry-tHSP26_biorep1,pHSP26-mCherry-tHSP26,pHSP26,mCherry,tHSP26,biorep1,12852.877861132394,1.0198788846971383,FALSE
14,pHSP26-mCherry-tPAB1_biorep1,pHSP26-mCherry-tPAB1,pHSP26,mCherry,tPAB1,biorep1,10709.682915522855,0.8498158611133896,FALSE
15,pHSP26-mCherry-tPGK1_biorep1,pHSP26-mCherry-tPGK1,pHSP26,mCherry,tPGK1,biorep1,13171.236649813727,1.0451407295416861,FALSE
16,pHSP26-mCherry-tPMA1_biorep1,pHSP26-mCherry-tPMA1,pHSP26,mCherry,tPMA1,biorep1,4945.1475639441205,0.3923986236132917,FALSE
17,pHSP26-mCherry-tRPS13_biorep1,pHSP26-mCherry-tRPS13,pHSP26,mCherry,tRPS13,biorep1,9638.943299218692,0.7648524204368343,FALSE
18,pHSP26-mCherry-tRPS3_biorep1,pHSP26-mCherry-tRPS3,pHSP26,mCherry,tRPS3,biorep1,18111.23513321703,1.4371307724016302,FALSE
19,pHSP26-mCherry-tSRO9_biorep1,pHSP26-mCherry-tSRO9,pHSP26,mCherry,tSRO9,biorep1,4834.070358066135,0.38358462117196346,FALSE
20,pHSP26-mCherry-tSUN4_biorep1,pHSP26-mCherry-tSUN4,pHSP26,mCherry,tSUN4,biorep1,5534.165838077487,0.43913736235957623,FALSE
12,pHSP26-mCherry-tCLN2_biorep2,pHSP26-mCherry-tCLN2,pHSP26,mCherry,tCLN2,biorep2,22132.89004209701,1.7562500363844218,FALSE
13,pHSP26-mCherry-tHSP26_biorep2,pHSP26-mCherry-tHSP26,pHSP26,mCherry,tHSP26,biorep2,25444.03721742709,2.0189903444095845,FALSE
14,pHSP26-mCherry-tPAB1_biorep2,pHSP26-mCherry-tPAB1,pHSP26,mCherry,tPAB1,biorep2,11985.346911992205,0.9510400996087851,FALSE
15,pHSP26-mCherry-tPGK1_biorep2,pHSP26-mCherry-tPGK1,pHSP26,mCherry,tPGK1,biorep2,14275.14533734596,1.1327361438303787,FALSE
16,pHSP26-mCherry-tPMA1_biorep2,pHSP26-mCherry-tPMA1,pHSP26,mCherry,tPMA1,biorep2,5649.5749288506,0.44829510088734464,FALSE
17,pHSP26-mCherry-tRPS13_biorep2,pHSP26-mCherry-tRPS13,pHSP26,mCherry,tRPS13,biorep2,17285.62872836047,1.3716187097739894,FALSE
18,pHSP26-mCherry-tRPS3_biorep2,pHSP26-mCherry-tRPS3,pHSP26,mCherry,tRPS3,biorep2,20635.316758232795,1.6374172436821421,FALSE
19,pHSP26-mCherry-tSRO9_biorep2,pHSP26-mCherry-tSRO9,pHSP26,mCherry,tSRO9,biorep2,9229.911255208024,0.7323956314314313,FALSE
20,pHSP26-mCherry-tSUN4_biorep2,pHSP26-mCherry-tSUN4,pHSP26,mCherry,tSUN4,biorep2,8218.394787180276,0.6521315615156499,FALSE
12,pHSP26-mCherry-tCLN2_biorep3,pHSP26-mCherry-tCLN2,pHSP26,mCherry,tCLN2,biorep3,9435.19541445811,0.7486849778053741,FALSE
13,pHSP26-mCherry-tHSP26_biorep3,pHSP26-mCherry-tHSP26,pHSP26,mCherry,tHSP26,biorep3,12165.380909194631,0.9653258396786905,FALSE
14,pHSP26-mCherry-tPAB1_biorep3,pHSP26-mCherry-tPAB1,pHSP26,mCherry,tPAB1,biorep3,12409.217598077412,0.9846743383567992,FALSE
15,pHSP26-mCherry-tPGK1_biorep3,pHSP26-mCherry-tPGK1,pHSP26,mCherry,tPGK1,biorep3,11457.854738404036,0.9091834714280693,FALSE
16,pHSP26-mCherry-tPMA1_biorep3,pHSP26-mCherry-tPMA1,pHSP26,mCherry,tPMA1,biorep3,4117.490089211608,0.32672380810803686,FALSE
17,pHSP26-mCherry-tRPS13_biorep3,pHSP26-mCherry-tRPS13,pHSP26,mCherry,tRPS13,biorep3,11188.086564424935,0.8877773033015834,FALSE
18,pHSP26-mCherry-tRPS3_biorep3,pHSP26-mCherry-tRPS3,pHSP26,mCherry,tRPS3,biorep3,11765.34062004398,0.9335825485386826,FALSE
19,pHSP26-mCherry-tSRO9_biorep3,pHSP26-mCherry-tSRO9,pHSP26,mCherry,tSRO9,biorep3,6715.173181423771,0.532850573141229,FALSE
20,pHSP26-mCherry-tSUN4_biorep3,pHSP26-mCherry-tSUN4,pHSP26,mCherry,tSUN4,biorep3,5302.863649739794,0.4207834792511694,FALSE
12,pHSP26-mCherry-tCLN2_biorep4,pHSP26-mCherry-tCLN2,pHSP26,mCherry,tCLN2,biorep4,7580.48973952272,0.6015136457790459,FALSE
13,pHSP26-mCherry-tHSP26_biorep4,pHSP26-mCherry-tHSP26,pHSP26,mCherry,tHSP26,biorep4,7477.433803209604,0.5933361329664266,FALSE
14,pHSP26-mCherry-tPAB1_biorep4,pHSP26-mCherry-tPAB1,pHSP26,mCherry,tPAB1,biorep4,8463.876394517249,0.6716105848604212,FALSE
15,pHSP26-mCherry-tPGK1_biorep4,pHSP26-mCherry-tPGK1,pHSP26,mCherry,tPGK1,biorep4,10801.09306478268,0.8570692779811427,FALSE
16,pHSP26-mCherry-tPMA1_biorep4,pHSP26-mCherry-tPMA1,pHSP26,mCherry,tPMA1,biorep4,4902.345507734902,0.3890022703746594,FALSE
17,pHSP26-mCherry-tRPS13_biorep4,pHSP26-mCherry-tRPS13,pHSP26,mCherry,tRPS13,biorep4,10282.551135413883,0.8159228537867128,FALSE
18,pHSP26-mCherry-tRPS3_biorep4,pHSP26-mCherry-tRPS3,pHSP26,mCherry,tRPS3,biorep4,11313.70362666434,0.8977450467688328,FALSE
19,pHSP26-mCherry-tSRO9_biorep4,pHSP26-mCherry-tSRO9,pHSP26,mCherry,tSRO9,biorep4,6936.342018057239,0.5504003724058454,FALSE
20,pHSP26-mCherry-tSUN4_biorep4,pHSP26-mCherry-tSUN4,pHSP26,mCherry,tSUN4,biorep4,4727.017884674221,0.37508998220109285,FALSE
12,pHSP26-mCherry-tCLN2_biorep5,pHSP26-mCherry-tCLN2,pHSP26,mCherry,tCLN2,biorep5,12484.128306601047,0.9906185207170777,FALSE
13,pHSP26-mCherry-tHSP26_biorep5,pHSP26-mCherry-tHSP26,pHSP26,mCherry,tHSP26,biorep5,19750.20455760164,1.5671833821481929,FALSE
14,pHSP26-mCherry-tPAB1_biorep5,pHSP26-mCherry-tPAB1,pHSP26,mCherry,tPAB1,biorep5,19763.482887964285,1.5682370207890648,FALSE
15,pHSP26-mCherry-tPGK1_biorep5,pHSP26-mCherry-tPGK1,pHSP26,mCherry,tPGK1,biorep5,18947.648230190556,1.5035003485933613,FALSE
16,pHSP26-mCherry-tPMA1_biorep5,pHSP26-mCherry-tPMA1,pHSP26,mCherry,tPMA1,biorep5,5623.901566059906,0.4462579135046979,FALSE
17,pHSP26-mCherry-tRPS13_biorep5,pHSP26-mCherry-tRPS13,pHSP26,mCherry,tRPS13,biorep5,14227.844749978312,1.1289828310850736,FALSE
18,pHSP26-mCherry-tRPS3_biorep5,pHSP26-mCherry-tRPS3,pHSP26,mCherry,tRPS3,biorep5,17820.14655560461,1.4140328252266094,FALSE
19,pHSP26-mCherry-tSRO9_biorep5,pHSP26-mCherry-tSRO9,pHSP26,mCherry,tSRO9,biorep5,5944.077114952195,0.47166391869977037,FALSE
20,pHSP26-mCherry-tSUN4_biorep5,pHSP26-mCherry-tSUN4,pHSP26,mCherry,tSUN4,biorep5,6329.869610171786,0.502276644036477,FALSE
21,pHSP26-mCherry-tTOS6_biorep5,pHSP26-mCherry-tTOS6,pHSP26,mCherry,tTOS6,biorep5,13008.737531343855,1.0322463862280775,FALSE
2,pHSP26-mCherry-tCLN2_biorep6,pHSP26-mCherry-tCLN2,pHSP26,mCherry,tCLN2,biorep6,10819.699822045955,0.8585457285512431,FALSE
3,pHSP26-mCherry-tCLN2_biorep7,pHSP26-mCherry-tCLN2,pHSP26,mCherry,tCLN2,biorep7,9307.623939207053,0.7385621512054523,FALSE
4,pHSP26-mCherry-tCLN2_biorep8,pHSP26-mCherry-tCLN2,pHSP26,mCherry,tCLN2,biorep8,10917.27404842448,0.8662882663897961,FALSE
5,pHSP26-mCherry-tHSP26_biorep6,pHSP26-mCherry-tHSP26,pHSP26,mCherry,tHSP26,biorep6,11643.73855405612,0.9239333959693887,FALSE
6,pHSP26-mCherry-tHSP26_biorep7,pHSP26-mCherry-tHSP26,pHSP26,mCherry,tHSP26,biorep7,9871.546043633376,0.7833095029761872,FALSE
7,pHSP26-mCherry-tHSP26_biorep8,pHSP26-mCherry-tHSP26,pHSP26,mCherry,tHSP26,biorep8,9557.09720647101,0.7583579137053302,FALSE
8,pHSP26-mCherry-tPAB1_biorep6,pHSP26-mCherry-tPAB1,pHSP26,mCherry,tPAB1,biorep6,11734.903341335035,0.9311673433061822,FALSE
9,pHSP26-mCherry-tPAB1_biorep7,pHSP26-mCherry-tPAB1,pHSP26,mCherry,tPAB1,biorep7,11546.760818915343,0.9162381898510046,FALSE
10,pHSP26-mCherry-tPAB1_biorep8,pHSP26-mCherry-tPAB1,pHSP26,mCherry,tPAB1,biorep8,10641.470942556583,0.8444032249969126,FALSE
11,pHSP26-mCherry-tPGK1_biorep6,pHSP26-mCherry-tPGK1,pHSP26,mCherry,tPGK1,biorep6,10039.106176651978,0.7966054389859346,FALSE
12,pHSP26-mCherry-tPGK1_biorep7,pHSP26-mCherry-tPGK1,pHSP26,mCherry,tPGK1,biorep7,10589.604087623473,0.8402875778450872,FALSE
13,pHSP26-mCherry-tPGK1_biorep8,pHSP26-mCherry-tPGK1,pHSP26,mCherry,tPGK1,biorep8,11537.168181260344,0.9154770117943399,FALSE
14,pHSP26-mCherry-tPMA1_biorep6,pHSP26-mCherry-tPMA1,pHSP26,mCherry,tPMA1,biorep6,2669.172979505953,0.21179950442339524,FALSE
15,pHSP26-mCherry-tPMA1_biorep7,pHSP26-mCherry-tPMA1,pHSP26,mCherry,tPMA1,biorep7,2894.397582789379,0.22967112972668105,FALSE
16,pHSP26-mCherry-tPMA1_biorep8,pHSP26-mCherry-tPMA1,pHSP26,mCherry,tPMA1,biorep8,2635.5115624756886,0.2091284630559231,FALSE
17,pHSP26-mCherry-tRPS13_biorep6,pHSP26-mCherry-tRPS13,pHSP26,mCherry,tRPS13,biorep6,9094.524479630383,0.7216526589103572,FALSE
18,pHSP26-mCherry-tRPS13_biorep7,pHSP26-mCherry-tRPS13,pHSP26,mCherry,tRPS13,biorep7,8281.936805106647,0.6571736356000949,FALSE
19,pHSP26-mCherry-tRPS13_biorep8,pHSP26-mCherry-tRPS13,pHSP26,mCherry,tRPS13,biorep8,8851.363090849796,0.7023577454543678,FALSE
20,pHSP26-mCherry-tRPS3_biorep6,pHSP26-mCherry-tRPS3,pHSP26,mCherry,tRPS3,biorep6,10846.856388062022,0.8607006084590672,FALSE
21,pHSP26-mCherry-tRPS3_biorep7,pHSP26-mCherry-tRPS3,pHSP26,mCherry,tRPS3,biorep7,10264.94320068707,0.8145256600200694,FALSE
22,pHSP26-mCherry-tRPS3_biorep8,pHSP26-mCherry-tRPS3,pHSP26,mCherry,tRPS3,biorep8,10449.88466571583,0.8292008088175364,FALSE
23,pHSP26-mCherry-tSRO9_biorep6,pHSP26-mCherry-tSRO9,pHSP26,mCherry,tSRO9,biorep6,3829.276481820709,0.3038539904970515,FALSE
24,pHSP26-mCherry-tSRO9_biorep7,pHSP26-mCherry-tSRO9,pHSP26,mCherry,tSRO9,biorep7,4383.198135592022,0.34780780415354473,FALSE
25,pHSP26-mCherry-tSRO9_biorep8,pHSP26-mCherry-tSRO9,pHSP26,mCherry,tSRO9,biorep8,3868.893755353529,0.30699763048040335,FALSE
26,pHSP26-mCherry-tSUN4_biorep6,pHSP26-mCherry-tSUN4,pHSP26,mCherry,tSUN4,biorep6,4071.052584952105,0.32303898121058994,FALSE
27,pHSP26-mCherry-tSUN4_biorep7,pHSP26-mCherry-tSUN4,pHSP26,mCherry,tSUN4,biorep7,4141.735990444459,0.32864772607994996,FALSE
28,pHSP26-mCherry-tSUN4_biorep8,pHSP26-mCherry-tSUN4,pHSP26,mCherry,tSUN4,biorep8,4164.150036858052,0.33042628594061535,FALSE
29,pHSP26-mCherry-tTOS6_biorep6,pHSP26-mCherry-tTOS6,pHSP26,mCherry,tTOS6,biorep6,6706.535037806932,0.5321651344112434,FALSE
30,pHSP26-mCherry-tTOS6_biorep7,pHSP26-mCherry-tTOS6,pHSP26,mCherry,tTOS6,biorep7,6767.219804148722,0.5369804849096661,FALSE
31,pHSP26-mCherry-tTOS6_biorep8,pHSP26-mCherry-tTOS6,pHSP26,mCherry,tTOS6,biorep8,8165.481924855649,0.6479329134310085,FALSE
32,pHSP26-mCherry-tTOS6_biorep9,pHSP26-mCherry-tTOS6,pHSP26,mCherry,tTOS6,biorep9,7964.215866258592,0.6319624042900097,FALSE
2,pCLN2-mCherry-tCLN2_biorep1,pCLN2-mCherry-tCLN2,pCLN2,mCherry,tCLN2,biorep1,43.2927405588142,0.6679982971485394,FALSE
3,pCLN2-mCherry-tHSP26_biorep1,pCLN2-mCherry-tHSP26,pCLN2,mCherry,tHSP26,biorep1,94.43584151907616,1.4571260795752237,FALSE
4,pCLN2-mCherry-tPAB1_biorep1,pCLN2-mCherry-tPAB1,pCLN2,mCherry,tPAB1,biorep1,39.58347300797236,0.6107650433593838,FALSE
5,pCLN2-mCherry-tPGK1_biorep1,pCLN2-mCherry-tPGK1,pCLN2,mCherry,tPGK1,biorep1,59.157746011731085,0.9127921468796142,FALSE
6,pCLN2-mCherry-tPMA1_biorep1,pCLN2-mCherry-tPMA1,pCLN2,mCherry,tPMA1,biorep1,42.34513308848532,0.6533769040841529,FALSE
7,pCLN2-mCherry-tRPS13_biorep1,pCLN2-mCherry-tRPS13,pCLN2,mCherry,tRPS13,biorep1,81.54867840638069,1.2582797394443406,FALSE
8,pCLN2-mCherry-tRPS3_biorep1,pCLN2-mCherry-tRPS3,pCLN2,mCherry,tRPS3,biorep1,58.80650690165167,0.9073725979114385,FALSE
9,pCLN2-mCherry-tSRO9_biorep1,pCLN2-mCherry-tSRO9,pCLN2,mCherry,tSRO9,biorep1,20.57760788503981,0.3175083593500613,FALSE
10,pCLN2-mCherry-tSUN4_biorep1,pCLN2-mCherry-tSUN4,pCLN2,mCherry,tSUN4,biorep1,20.56593574476851,0.31732826056849495,FALSE
11,pCLN2-mCherry-tTOS6_biorep1,pCLN2-mCherry-tTOS6,pCLN2,mCherry,tTOS6,biorep1,61.09795003989837,0.9427291055984961,FALSE
2,pCLN2-mCherry-tCLN2_biorep2,pCLN2-mCherry-tCLN2,pCLN2,mCherry,tCLN2,biorep2,101.9966351861644,1.5737876082637354,FALSE
3,pCLN2-mCherry-tHSP26_biorep2,pCLN2-mCherry-tHSP26,pCLN2,mCherry,tHSP26,biorep2,29.31376648087096,0.4523055329710473,FALSE
4,pCLN2-mCherry-tPAB1_biorep2,pCLN2-mCherry-tPAB1,pCLN2,mCherry,tPAB1,biorep2,67.67250814444873,1.0441732175132272,FALSE
5,pCLN2-mCherry-tPGK1_biorep2,pCLN2-mCherry-tPGK1,pCLN2,mCherry,tPGK1,biorep2,95.65466504713868,1.4759322819722343,FALSE
6,pCLN2-mCherry-tPMA1_biorep2,pCLN2-mCherry-tPMA1,pCLN2,mCherry,tPMA1,biorep2,30.357991877831537,0.46841772125031084,FALSE
7,pCLN2-mCherry-tRPS13_biorep2,pCLN2-mCherry-tRPS13,pCLN2,mCherry,tRPS13,biorep2,56.00726213541907,0.8641808130299744,FALSE
8,pCLN2-mCherry-tRPS3_biorep2,pCLN2-mCherry-tRPS3,pCLN2,mCherry,tRPS3,biorep2,26.193788668508823,0.40416490156500867,FALSE
9,pCLN2-mCherry-tSRO9_biorep2,pCLN2-mCherry-tSRO9,pCLN2,mCherry,tSRO9,biorep2,30.78079733632805,0.4749415246098391,FALSE
10,pCLN2-mCherry-tSUN4_biorep2,pCLN2-mCherry-tSUN4,pCLN2,mCherry,tSUN4,biorep2,5.610756873694133,0.0865728523758026,FALSE
11,pCLN2-mCherry-tTOS6_biorep2,pCLN2-mCherry-tTOS6,pCLN2,mCherry,tTOS6,biorep2,55.12701223036272,0.8505987336778026,FALSE
2,pCLN2-mCherry-tCLN2_biorep3,pCLN2-mCherry-tCLN2,pCLN2,mCherry,tCLN2,biorep3,65.60524845803322,1.012275815490055,FALSE
3,pCLN2-mCherry-tHSP26_biorep3,pCLN2-mCherry-tHSP26,pCLN2,mCherry,tHSP26,biorep3,41.03324342578987,0.6331347099098941,FALSE
4,pCLN2-mCherry-tPAB1_biorep3,pCLN2-mCherry-tPAB1,pCLN2,mCherry,tPAB1,biorep3,83.58525685695267,1.2897037361567527,FALSE
5,pCLN2-mCherry-tPGK1_biorep3,pCLN2-mCherry-tPGK1,pCLN2,mCherry,tPGK1,biorep3,81.94490866231945,1.2643934927625498,FALSE
6,pCLN2-mCherry-tPMA1_biorep3,pCLN2-mCherry-tPMA1,pCLN2,mCherry,tPMA1,biorep3,-4.492861196056987,-0.0693239464527219,FALSE
7,pCLN2-mCherry-tRPS13_biorep3,pCLN2-mCherry-tRPS13,pCLN2,mCherry,tRPS13,biorep3,40.318879343197445,0.6221122155019103,FALSE
8,pCLN2-mCherry-tRPS3_biorep3,pCLN2-mCherry-tRPS3,pCLN2,mCherry,tRPS3,biorep3,98.26289875811608,1.5161768046106516,FALSE
9,pCLN2-mCherry-tSRO9_biorep3,pCLN2-mCherry-tSRO9,pCLN2,mCherry,tSRO9,biorep3,60.59525744222193,0.9349726597162852,FALSE
10,pCLN2-mCherry-tSUN4_biorep3,pCLN2-mCherry-tSUN4,pCLN2,mCherry,tSUN4,biorep3,18.340092955554283,0.28298395309977453,FALSE
11,pCLN2-mCherry-tTOS6_biorep3,pCLN2-mCherry-tTOS6,pCLN2,mCherry,tTOS6,biorep3,41.81912498578728,0.6452607046393228,FALSE
2,pCLN2-mCherry-tCLN2_biorep4,pCLN2-mCherry-tCLN2,pCLN2,mCherry,tCLN2,biorep4,89.04285570176422,1.3739133908886179,FALSE
3,pCLN2-mCherry-tHSP26_biorep4,pCLN2-mCherry-tHSP26,pCLN2,mCherry,tHSP26,biorep4,22.725411604559227,0.35064853963731185,FALSE
4,pCLN2-mCherry-tPAB1_biorep4,pCLN2-mCherry-tPAB1,pCLN2,mCherry,tPAB1,biorep4,85.64708522117763,1.321517333968694,FALSE
5,pCLN2-mCherry-tPGK1_biorep4,pCLN2-mCherry-tPGK1,pCLN2,mCherry,tPGK1,biorep4,23.627145442615223,0.36456211176343556,FALSE
6,pCLN2-mCherry-tPMA1_biorep4,pCLN2-mCherry-tPMA1,pCLN2,mCherry,tPMA1,biorep4,49.85629991155194,0.7692727005304599,FALSE
7,pCLN2-mCherry-tRPS13_biorep4,pCLN2-mCherry-tRPS13,pCLN2,mCherry,tRPS13,biorep4,24.38324029076591,0.37622850350782727,FALSE
8,pCLN2-mCherry-tRPS3_biorep4,pCLN2-mCherry-tRPS3,pCLN2,mCherry,tRPS3,biorep4,118.01236964040284,1.8209071762310332,FALSE
9,pCLN2-mCherry-tSRO9_biorep4,pCLN2-mCherry-tSRO9,pCLN2,mCherry,tSRO9,biorep4,23.93962621464821,0.36938362735508823,FALSE
10,pCLN2-mCherry-tSUN4_biorep4,pCLN2-mCherry-tSUN4,pCLN2,mCherry,tSUN4,biorep4,49.99616089745408,0.7714307274701779,FALSE
11,pCLN2-mCherry-tTOS6_biorep4,pCLN2-mCherry-tTOS6,pCLN2,mCherry,tTOS6,biorep4,49.01547074815039,0.7562988753095312,FALSE
2,pCLN2-mCherry-tCLN2_biorep5,pCLN2-mCherry-tCLN2,pCLN2,mCherry,tCLN2,biorep5,118.25067063530317,1.8245841127508167,FALSE
3,pCLN2-mCherry-tHSP26_biorep5,pCLN2-mCherry-tHSP26,pCLN2,mCherry,tHSP26,biorep5,85.55025128673799,1.3200232057966972,FALSE
4,pCLN2-mCherry-tPAB1_biorep5,pCLN2-mCherry-tPAB1,pCLN2,mCherry,tPAB1,biorep5,89.16404788225222,1.375783361907979,FALSE
5,pCLN2-mCherry-tPGK1_biorep5,pCLN2-mCherry-tPGK1,pCLN2,mCherry,tPGK1,biorep5,63.66382016578687,0.9823199666221664,FALSE
6,pCLN2-mCherry-tPMA1_biorep5,pCLN2-mCherry-tPMA1,pCLN2,mCherry,tPMA1,biorep5,64.89319828625138,1.001289024261433,FALSE
7,pCLN2-mCherry-tRPS13_biorep5,pCLN2-mCherry-tRPS13,pCLN2,mCherry,tRPS13,biorep5,85.45468571113607,1.3185486481469828,FALSE
8,pCLN2-mCherry-tRPS3_biorep5,pCLN2-mCherry-tRPS3,pCLN2,mCherry,tRPS3,biorep5,77.91039087788965,1.2021416931530213,FALSE
9,pCLN2-mCherry-tSRO9_biorep5,pCLN2-mCherry-tSRO9,pCLN2,mCherry,tSRO9,biorep5,42.4694410946866,0.6552949516688648,FALSE
10,pCLN2-mCherry-tSUN4_biorep5,pCLN2-mCherry-tSUN4,pCLN2,mCherry,tSUN4,biorep5,64.70476717076104,0.9983815699711152,FALSE
11,pCLN2-mCherry-tTOS6_biorep5,pCLN2-mCherry-tTOS6,pCLN2,mCherry,tTOS6,biorep5,42.10155480714383,0.6496185400938336,FALSE
51,pSRO9-mCherry-tCLN2_biorep1,pSRO9-mCherry-tCLN2,pSRO9,mCherry,tCLN2,biorep1,40.4540155372724,3.4930540005323163,FALSE
52,pSRO9-mCherry-tHSP26_biorep1,pSRO9-mCherry-tHSP26,pSRO9,mCherry,tHSP26,biorep1,0.493301224922193,0.04259472871350313,FALSE
53,pSRO9-mCherry-tPAB1_biorep1,pSRO9-mCherry-tPAB1,pSRO9,mCherry,tPAB1,biorep1,-19.34404616442815,-1.6702865449508215,FALSE
54,pSRO9-mCherry-tPGK1_biorep1,pSRO9-mCherry-tPGK1,pSRO9,mCherry,tPGK1,biorep1,39.82133560495701,3.4384244380703497,FALSE
55,pSRO9-mCherry-tPMA1_biorep1,pSRO9-mCherry-tPMA1,pSRO9,mCherry,tPMA1,biorep1,38.14398151646578,3.2935911420106487,FALSE
56,pSRO9-mCherry-tRPS13_biorep1,pSRO9-mCherry-tRPS13,pSRO9,mCherry,tRPS13,biorep1,20.82239836099945,1.7979367667111628,FALSE
57,pSRO9-mCherry-tRPS3_biorep1,pSRO9-mCherry-tRPS3,pSRO9,mCherry,tRPS3,biorep1,1.505825579160046,0.13002244631420193,FALSE
58,pSRO9-mCherry-tSRO9_biorep1,pSRO9-mCherry-tSRO9,pSRO9,mCherry,tSRO9,biorep1,20.350942965804805,1.7572283442619774,FALSE
59,pSRO9-mCherry-tSUN4_biorep1,pSRO9-mCherry-tSUN4,pSRO9,mCherry,tSUN4,biorep1,40.647269553098845,3.509740767077891,FALSE
60,pSRO9-mCherry-tTOS6_biorep1,pSRO9-mCherry-tTOS6,pSRO9,mCherry,tTOS6,biorep1,0.928428979910653,0.0801663943471582,FALSE
51,pSRO9-mCherry-tCLN2_biorep2,pSRO9-mCherry-tCLN2,pSRO9,mCherry,tCLN2,biorep2,51.2578715822081,4.425926845853876,FALSE
52,pSRO9-mCherry-tHSP26_biorep2,pSRO9-mCherry-tHSP26,pSRO9,mCherry,tHSP26,biorep2,4.4725925728981,0.3861917580250728,FALSE
53,pSRO9-mCherry-tPAB1_biorep2,pSRO9-mCherry-tPAB1,pSRO9,mCherry,tPAB1,biorep2,28.65059055629895,2.473872089856848,FALSE
54,pSRO9-mCherry-tPGK1_biorep2,pSRO9-mCherry-tPGK1,pSRO9,mCherry,tPGK1,biorep2,-41.67010522377008,-3.5980588285576838,FALSE
55,pSRO9-mCherry-tPMA1_biorep2,pSRO9-mCherry-tPMA1,pSRO9,mCherry,tPMA1,biorep2,28.02281787869239,2.4196662506140636,FALSE
56,pSRO9-mCherry-tRPS13_biorep2,pSRO9-mCherry-tRPS13,pSRO9,mCherry,tRPS13,biorep2,47.94509144162652,4.139880583962252,FALSE
57,pSRO9-mCherry-tRPS3_biorep2,pSRO9-mCherry-tRPS3,pSRO9,mCherry,tRPS3,biorep2,5.174130795406166,0.4467669781141723,FALSE
58,pSRO9-mCherry-tSRO9_biorep2,pSRO9-mCherry-tSRO9,pSRO9,mCherry,tSRO9,biorep2,27.88528154864252,2.4077904993068393,FALSE
59,pSRO9-mCherry-tSUN4_biorep2,pSRO9-mCherry-tSUN4,pSRO9,mCherry,tSUN4,biorep2,26.322032054565454,2.27280971120473,FALSE
60,pSRO9-mCherry-tTOS6_biorep2,pSRO9-mCherry-tTOS6,pSRO9,mCherry,tTOS6,biorep2,4.9225978155086505,0.4250480394617828,FALSE
51,pSRO9-mCherry-tCLN2_biorep3,pSRO9-mCherry-tCLN2,pSRO9,mCherry,tCLN2,biorep3,77.70205304350355,6.709283704682252,FALSE
52,pSRO9-mCherry-tHSP26_biorep3,pSRO9-mCherry-tHSP26,pSRO9,mCherry,tHSP26,biorep3,-3.815052091165539,-0.32941557944987826,FALSE
53,pSRO9-mCherry-tPAB1_biorep3,pSRO9-mCherry-tPAB1,pSRO9,mCherry,tPAB1,biorep3,62.05905328265033,5.358568771460604,FALSE
54,pSRO9-mCherry-tPGK1_biorep3,pSRO9-mCherry-tPGK1,pSRO9,mCherry,tPGK1,biorep3,-2.714018525635479,-0.2343454201661443,FALSE
55,pSRO9-mCherry-tPMA1_biorep3,pSRO9-mCherry-tPMA1,pSRO9,mCherry,tPMA1,biorep3,17.843961464150553,1.5407598022072189,FALSE
56,pSRO9-mCherry-tRPS13_biorep3,pSRO9-mCherry-tRPS13,pSRO9,mCherry,tRPS13,biorep3,77.9024902181237,6.726590710312317,FALSE
57,pSRO9-mCherry-tRPS3_biorep3,pSRO9-mCherry-tRPS3,pSRO9,mCherry,tRPS3,biorep3,17.93132669993663,1.5483034658538806,FALSE
58,pSRO9-mCherry-tSRO9_biorep3,pSRO9-mCherry-tSRO9,pSRO9,mCherry,tSRO9,biorep3,-3.2591946977416915,-0.28141935791197675,FALSE
59,pSRO9-mCherry-tSUN4_biorep3,pSRO9-mCherry-tSUN4,pSRO9,mCherry,tSUN4,biorep3,16.92369971018932,1.4612986174887463,FALSE
60,pSRO9-mCherry-tTOS6_biorep3,pSRO9-mCherry-tTOS6,pSRO9,mCherry,tTOS6,biorep3,39.60131930234097,3.4194268474522516,FALSE
51,pSRO9-mCherry-tCLN2_biorep4,pSRO9-mCherry-tCLN2,pSRO9,mCherry,tCLN2,biorep4,22.817853293774512,1.97023688928836,FALSE
52,pSRO9-mCherry-tHSP26_biorep4,pSRO9-mCherry-tHSP26,pSRO9,mCherry,tHSP26,biorep4,23.350720209093492,2.0162479684256422,FALSE
53,pSRO9-mCherry-tPAB1_biorep4,pSRO9-mCherry-tPAB1,pSRO9,mCherry,tPAB1,biorep4,46.96165827837444,4.05496478266216,FALSE
54,pSRO9-mCherry-tPGK1_biorep4,pSRO9-mCherry-tPGK1,pSRO9,mCherry,tPGK1,biorep4,0.3800644174468673,0.03281715093522892,FALSE
55,pSRO9-mCherry-tPMA1_biorep4,pSRO9-mCherry-tPMA1,pSRO9,mCherry,tPMA1,biorep4,46.228386300046296,3.9916494706131633,FALSE
56,pSRO9-mCherry-tRPS13_biorep4,pSRO9-mCherry-tRPS13,pSRO9,mCherry,tRPS13,biorep4,23.4352018785376,2.0235426468278765,FALSE
57,pSRO9-mCherry-tRPS3_biorep4,pSRO9-mCherry-tRPS3,pSRO9,mCherry,tRPS3,biorep4,23.166608972267785,2.0003506468916536,FALSE
58,pSRO9-mCherry-tSRO9_biorep4,pSRO9-mCherry-tSRO9,pSRO9,mCherry,tSRO9,biorep4,23.532472923868305,2.0319416403397894,FALSE
59,pSRO9-mCherry-tSUN4_biorep4,pSRO9-mCherry-tSUN4,pSRO9,mCherry,tSUN4,biorep4,22.859003523841967,1.9737900588279207,FALSE
60,pSRO9-mCherry-tTOS6_biorep4,pSRO9-mCherry-tTOS6,pSRO9,mCherry,tTOS6,biorep4,44.0593894652963,3.804364649313165,FALSE
52,pSRO9-mCherry-tCLN2_biorep5,pSRO9-mCherry-tCLN2,pSRO9,mCherry,tCLN2,biorep5,78.23217144365466,6.755057459742427,FALSE
53,pSRO9-mCherry-tHSP26_biorep5,pSRO9-mCherry-tHSP26,pSRO9,mCherry,tHSP26,biorep5,42.04691959111938,3.6305953497372636,FALSE
54,pSRO9-mCherry-tPAB1_biorep5,pSRO9-mCherry-tPAB1,pSRO9,mCherry,tPAB1,biorep5,106.49687268391725,9.195609440303782,FALSE
55,pSRO9-mCherry-tPGK1_biorep5,pSRO9-mCherry-tPGK1,pSRO9,mCherry,tPGK1,biorep5,62.08909381333228,5.361162659718248,FALSE
56,pSRO9-mCherry-tPMA1_biorep5,pSRO9-mCherry-tPMA1,pSRO9,mCherry,tPMA1,biorep5,21.444947347265703,1.8516915596068422,FALSE
57,pSRO9-mCherry-tRPS13_biorep5,pSRO9-mCherry-tRPS13,pSRO9,mCherry,tRPS13,biorep5,65.92196831575312,5.692117138189834,FALSE
58,pSRO9-mCherry-tRPS3_biorep5,pSRO9-mCherry-tRPS3,pSRO9,mCherry,tRPS3,biorep5,41.057574201326986,3.54516904963268,FALSE
59,pSRO9-mCherry-tSRO9_biorep5,pSRO9-mCherry-tSRO9,pSRO9,mCherry,tSRO9,biorep5,43.6078590693115,3.765376676546816,FALSE
60,pSRO9-mCherry-tSUN4_biorep5,pSRO9-mCherry-tSUN4,pSRO9,mCherry,tSUN4,biorep5,22.186153664842777,1.915691972382849,FALSE
61,pSRO9-mCherry-tTOS6_biorep5,pSRO9-mCherry-tTOS6,pSRO9,mCherry,tTOS6,biorep5,42.69246696004949,3.6863359675628744,FALSE
