X,sample_id,Strain,Promoter,mCherry,Terminator,BioRep,mCh_per_OD_at_max_gr
2,pCLN2-mCherry-tCLN2_biorep1,pCLN2-mCherry-tCLN2,pCLN2,mCherry,tCLN2,biorep1,43.2927405588142
3,pCLN2-mCherry-tHSP26_biorep1,pCLN2-mCherry-tHSP26,pCLN2,mCherry,tHSP26,biorep1,94.43584151907616
4,pCLN2-mCherry-tPAB1_biorep1,pCLN2-mCherry-tPAB1,pCLN2,mCherry,tPAB1,biorep1,39.58347300797236
5,pCLN2-mCherry-tPGK1_biorep1,pCLN2-mCherry-tPGK1,pCLN2,mCherry,tPGK1,biorep1,59.157746011731085
6,pCLN2-mCherry-tPMA1_biorep1,pCLN2-mCherry-tPMA1,pCLN2,mCherry,tPMA1,biorep1,42.34513308848532
7,pCLN2-mCherry-tRPS13_biorep1,pCLN2-mCherry-tRPS13,pCLN2,mCherry,tRPS13,biorep1,81.54867840638069
8,pCLN2-mCherry-tRPS3_biorep1,pCLN2-mCherry-tRPS3,pCLN2,mCherry,tRPS3,biorep1,58.80650690165167
9,pCLN2-mCherry-tSRO9_biorep1,pCLN2-mCherry-tSRO9,pCLN2,mCherry,tSRO9,biorep1,20.57760788503981
10,pCLN2-mCherry-tSUN4_biorep1,pCLN2-mCherry-tSUN4,pCLN2,mCherry,tSUN4,biorep1,20.56593574476851
11,pCLN2-mCherry-tTOS6_biorep1,pCLN2-mCherry-tTOS6,pCLN2,mCherry,tTOS6,biorep1,61.09795003989837
12,pHSP26-mCherry-tCLN2_biorep1,pHSP26-mCherry-tCLN2,pHSP26,mCherry,tCLN2,biorep1,12427.520669396918
13,pHSP26-mCherry-tHSP26_biorep1,pHSP26-mCherry-tHSP26,pHSP26,mCherry,tHSP26,biorep1,12852.877861132394
14,pHSP26-mCherry-tPAB1_biorep1,pHSP26-mCherry-tPAB1,pHSP26,mCherry,tPAB1,biorep1,10709.682915522855
15,pHSP26-mCherry-tPGK1_biorep1,pHSP26-mCherry-tPGK1,pHSP26,mCherry,tPGK1,biorep1,13171.236649813727
16,pHSP26-mCherry-tPMA1_biorep1,pHSP26-mCherry-tPMA1,pHSP26,mCherry,tPMA1,biorep1,4945.1475639441205
17,pHSP26-mCherry-tRPS13_biorep1,pHSP26-mCherry-tRPS13,pHSP26,mCherry,tRPS13,biorep1,9638.943299218692
18,pHSP26-mCherry-tRPS3_biorep1,pHSP26-mCherry-tRPS3,pHSP26,mCherry,tRPS3,biorep1,18111.23513321703
19,pHSP26-mCherry-tSRO9_biorep1,pHSP26-mCherry-tSRO9,pHSP26,mCherry,tSRO9,biorep1,4834.070358066135
20,pHSP26-mCherry-tSUN4_biorep1,pHSP26-mCherry-tSUN4,pHSP26,mCherry,tSUN4,biorep1,5534.165838077487
21,pPGK1-mCherry-tCLN2_biorep1,pPGK1-mCherry-tCLN2,pPGK1,mCherry,tCLN2,biorep1,6215.46557130115
22,pPGK1-mCherry-tHSP26_biorep1,pPGK1-mCherry-tHSP26,pPGK1,mCherry,tHSP26,biorep1,5075.065068715114
23,pPGK1-mCherry-tPAB1_biorep1,pPGK1-mCherry-tPAB1,pPGK1,mCherry,tPAB1,biorep1,4624.54481781903
24,pPGK1-mCherry-tPGK1_biorep1,pPGK1-mCherry-tPGK1,pPGK1,mCherry,tPGK1,biorep1,5009.425465505276
25,pPGK1-mCherry-tPMA1_biorep1,pPGK1-mCherry-tPMA1,pPGK1,mCherry,tPMA1,biorep1,1231.5581094874435
26,pPGK1-mCherry-tRPS13_biorep1,pPGK1-mCherry-tRPS13,pPGK1,mCherry,tRPS13,biorep1,4755.505945290407
27,pPGK1-mCherry-tRPS3_biorep1,pPGK1-mCherry-tRPS3,pPGK1,mCherry,tRPS3,biorep1,5302.868671370642
28,pPGK1-mCherry-tSRO9_biorep1,pPGK1-mCherry-tSRO9,pPGK1,mCherry,tSRO9,biorep1,1694.5105570233216
29,pPGK1-mCherry-tSUN4_biorep1,pPGK1-mCherry-tSUN4,pPGK1,mCherry,tSUN4,biorep1,2251.728331176331
30,pPGK1-mCherry-tTOS6_biorep1,pPGK1-mCherry-tTOS6,pPGK1,mCherry,tTOS6,biorep1,2390.334890309283
31,pRPS13-mCherry-tCLN2_biorep1,pRPS13-mCherry-tCLN2,pRPS13,mCherry,tCLN2,biorep1,5037.005184634347
32,pRPS13-mCherry-tHSP26_biorep1,pRPS13-mCherry-tHSP26,pRPS13,mCherry,tHSP26,biorep1,4719.780792623534
33,pRPS13-mCherry-tPAB1_biorep1,pRPS13-mCherry-tPAB1,pRPS13,mCherry,tPAB1,biorep1,4967.535344886699
34,pRPS13-mCherry-tPGK1_biorep1,pRPS13-mCherry-tPGK1,pRPS13,mCherry,tPGK1,biorep1,3638.319298076267
35,pRPS13-mCherry-tPMA1_biorep1,pRPS13-mCherry-tPMA1,pRPS13,mCherry,tPMA1,biorep1,828.2980149271591
36,pRPS13-mCherry-tRPS13_biorep1,pRPS13-mCherry-tRPS13,pRPS13,mCherry,tRPS13,biorep1,5161.304198020412
37,pRPS13-mCherry-tRPS3_biorep1,pRPS13-mCherry-tRPS3,pRPS13,mCherry,tRPS3,biorep1,5390.784158297942
38,pRPS13-mCherry-tSRO9_biorep1,pRPS13-mCherry-tSRO9,pRPS13,mCherry,tSRO9,biorep1,1563.8209208416183
39,pRPS13-mCherry-tSUN4_biorep1,pRPS13-mCherry-tSUN4,pRPS13,mCherry,tSUN4,biorep1,1402.563945492001
40,pRPS13-mCherry-tTOS6_biorep1,pRPS13-mCherry-tTOS6,pRPS13,mCherry,tTOS6,biorep1,1812.764879801645
41,pRPS3-mCherry-tCLN2_biorep1,pRPS3-mCherry-tCLN2,pRPS3,mCherry,tCLN2,biorep1,4564.912079047592
42,pRPS3-mCherry-tHSP26_biorep1,pRPS3-mCherry-tHSP26,pRPS3,mCherry,tHSP26,biorep1,2144.540225957851
43,pRPS3-mCherry-tPAB1_biorep1,pRPS3-mCherry-tPAB1,pRPS3,mCherry,tPAB1,biorep1,3904.164286271328
44,pRPS3-mCherry-tPGK1_biorep1,pRPS3-mCherry-tPGK1,pRPS3,mCherry,tPGK1,biorep1,3390.693749145857
45,pRPS3-mCherry-tPMA1_biorep1,pRPS3-mCherry-tPMA1,pRPS3,mCherry,tPMA1,biorep1,752.7257816393086
46,pRPS3-mCherry-tRPS13_biorep1,pRPS3-mCherry-tRPS13,pRPS3,mCherry,tRPS13,biorep1,4706.621473151288
47,pRPS3-mCherry-tRPS3_biorep1,pRPS3-mCherry-tRPS3,pRPS3,mCherry,tRPS3,biorep1,5826.810099717771
48,pRPS3-mCherry-tSRO9_biorep1,pRPS3-mCherry-tSRO9,pRPS3,mCherry,tSRO9,biorep1,1238.265854768659
49,pRPS3-mCherry-tSUN4_biorep1,pRPS3-mCherry-tSUN4,pRPS3,mCherry,tSUN4,biorep1,1185.294854874374
50,pRPS3-mCherry-tTOS6_biorep1,pRPS3-mCherry-tTOS6,pRPS3,mCherry,tTOS6,biorep1,1516.2725969342769
51,pSRO9-mCherry-tCLN2_biorep1,pSRO9-mCherry-tCLN2,pSRO9,mCherry,tCLN2,biorep1,40.4540155372724
52,pSRO9-mCherry-tHSP26_biorep1,pSRO9-mCherry-tHSP26,pSRO9,mCherry,tHSP26,biorep1,0.493301224922193
53,pSRO9-mCherry-tPAB1_biorep1,pSRO9-mCherry-tPAB1,pSRO9,mCherry,tPAB1,biorep1,-19.34404616442815
54,pSRO9-mCherry-tPGK1_biorep1,pSRO9-mCherry-tPGK1,pSRO9,mCherry,tPGK1,biorep1,39.82133560495701
55,pSRO9-mCherry-tPMA1_biorep1,pSRO9-mCherry-tPMA1,pSRO9,mCherry,tPMA1,biorep1,38.14398151646578
56,pSRO9-mCherry-tRPS13_biorep1,pSRO9-mCherry-tRPS13,pSRO9,mCherry,tRPS13,biorep1,20.82239836099945
57,pSRO9-mCherry-tRPS3_biorep1,pSRO9-mCherry-tRPS3,pSRO9,mCherry,tRPS3,biorep1,1.505825579160046
58,pSRO9-mCherry-tSRO9_biorep1,pSRO9-mCherry-tSRO9,pSRO9,mCherry,tSRO9,biorep1,20.350942965804805
59,pSRO9-mCherry-tSUN4_biorep1,pSRO9-mCherry-tSUN4,pSRO9,mCherry,tSUN4,biorep1,40.647269553098845
60,pSRO9-mCherry-tTOS6_biorep1,pSRO9-mCherry-tTOS6,pSRO9,mCherry,tTOS6,biorep1,0.928428979910653
2,pCLN2-mCherry-tCLN2_biorep2,pCLN2-mCherry-tCLN2,pCLN2,mCherry,tCLN2,biorep2,101.9966351861644
3,pCLN2-mCherry-tHSP26_biorep2,pCLN2-mCherry-tHSP26,pCLN2,mCherry,tHSP26,biorep2,29.31376648087096
4,pCLN2-mCherry-tPAB1_biorep2,pCLN2-mCherry-tPAB1,pCLN2,mCherry,tPAB1,biorep2,67.67250814444873
5,pCLN2-mCherry-tPGK1_biorep2,pCLN2-mCherry-tPGK1,pCLN2,mCherry,tPGK1,biorep2,95.65466504713868
6,pCLN2-mCherry-tPMA1_biorep2,pCLN2-mCherry-tPMA1,pCLN2,mCherry,tPMA1,biorep2,30.357991877831537
7,pCLN2-mCherry-tRPS13_biorep2,pCLN2-mCherry-tRPS13,pCLN2,mCherry,tRPS13,biorep2,56.00726213541907
8,pCLN2-mCherry-tRPS3_biorep2,pCLN2-mCherry-tRPS3,pCLN2,mCherry,tRPS3,biorep2,26.193788668508823
9,pCLN2-mCherry-tSRO9_biorep2,pCLN2-mCherry-tSRO9,pCLN2,mCherry,tSRO9,biorep2,30.78079733632805
10,pCLN2-mCherry-tSUN4_biorep2,pCLN2-mCherry-tSUN4,pCLN2,mCherry,tSUN4,biorep2,5.610756873694133
11,pCLN2-mCherry-tTOS6_biorep2,pCLN2-mCherry-tTOS6,pCLN2,mCherry,tTOS6,biorep2,55.12701223036272
12,pHSP26-mCherry-tCLN2_biorep2,pHSP26-mCherry-tCLN2,pHSP26,mCherry,tCLN2,biorep2,22132.89004209701
13,pHSP26-mCherry-tHSP26_biorep2,pHSP26-mCherry-tHSP26,pHSP26,mCherry,tHSP26,biorep2,25444.03721742709
14,pHSP26-mCherry-tPAB1_biorep2,pHSP26-mCherry-tPAB1,pHSP26,mCherry,tPAB1,biorep2,11985.346911992205
15,pHSP26-mCherry-tPGK1_biorep2,pHSP26-mCherry-tPGK1,pHSP26,mCherry,tPGK1,biorep2,14275.14533734596
16,pHSP26-mCherry-tPMA1_biorep2,pHSP26-mCherry-tPMA1,pHSP26,mCherry,tPMA1,biorep2,5649.5749288506
17,pHSP26-mCherry-tRPS13_biorep2,pHSP26-mCherry-tRPS13,pHSP26,mCherry,tRPS13,biorep2,17285.62872836047
18,pHSP26-mCherry-tRPS3_biorep2,pHSP26-mCherry-tRPS3,pHSP26,mCherry,tRPS3,biorep2,20635.316758232795
19,pHSP26-mCherry-tSRO9_biorep2,pHSP26-mCherry-tSRO9,pHSP26,mCherry,tSRO9,biorep2,9229.911255208024
20,pHSP26-mCherry-tSUN4_biorep2,pHSP26-mCherry-tSUN4,pHSP26,mCherry,tSUN4,biorep2,8218.394787180276
21,pPGK1-mCherry-tCLN2_biorep2,pPGK1-mCherry-tCLN2,pPGK1,mCherry,tCLN2,biorep2,6644.358952351876
22,pPGK1-mCherry-tHSP26_biorep2,pPGK1-mCherry-tHSP26,pPGK1,mCherry,tHSP26,biorep2,5629.291070959885
23,pPGK1-mCherry-tPAB1_biorep2,pPGK1-mCherry-tPAB1,pPGK1,mCherry,tPAB1,biorep2,5260.500419466018
24,pPGK1-mCherry-tPGK1_biorep2,pPGK1-mCherry-tPGK1,pPGK1,mCherry,tPGK1,biorep2,5635.339632770576
25,pPGK1-mCherry-tPMA1_biorep2,pPGK1-mCherry-tPMA1,pPGK1,mCherry,tPMA1,biorep2,1647.1750108924666
26,pPGK1-mCherry-tRPS13_biorep2,pPGK1-mCherry-tRPS13,pPGK1,mCherry,tRPS13,biorep2,4458.901867654827
27,pPGK1-mCherry-tRPS3_biorep2,pPGK1-mCherry-tRPS3,pPGK1,mCherry,tRPS3,biorep2,5248.628802952
28,pPGK1-mCherry-tSRO9_biorep2,pPGK1-mCherry-tSRO9,pPGK1,mCherry,tSRO9,biorep2,2054.696872759585
29,pPGK1-mCherry-tSUN4_biorep2,pPGK1-mCherry-tSUN4,pPGK1,mCherry,tSUN4,biorep2,2353.3904012664725
30,pPGK1-mCherry-tTOS6_biorep2,pPGK1-mCherry-tTOS6,pPGK1,mCherry,tTOS6,biorep2,2372.04634014999
31,pRPS13-mCherry-tCLN2_biorep2,pRPS13-mCherry-tCLN2,pRPS13,mCherry,tCLN2,biorep2,6413.874214377388
32,pRPS13-mCherry-tHSP26_biorep2,pRPS13-mCherry-tHSP26,pRPS13,mCherry,tHSP26,biorep2,5135.430783670946
33,pRPS13-mCherry-tPAB1_biorep2,pRPS13-mCherry-tPAB1,pRPS13,mCherry,tPAB1,biorep2,5907.783339937691
34,pRPS13-mCherry-tPGK1_biorep2,pRPS13-mCherry-tPGK1,pRPS13,mCherry,tPGK1,biorep2,4139.72662267506
35,pRPS13-mCherry-tPMA1_biorep2,pRPS13-mCherry-tPMA1,pRPS13,mCherry,tPMA1,biorep2,1104.2278749308011
36,pRPS13-mCherry-tRPS13_biorep2,pRPS13-mCherry-tRPS13,pRPS13,mCherry,tRPS13,biorep2,5186.536181754581
37,pRPS13-mCherry-tRPS3_biorep2,pRPS13-mCherry-tRPS3,pRPS13,mCherry,tRPS3,biorep2,6250.557403334099
38,pRPS13-mCherry-tSRO9_biorep2,pRPS13-mCherry-tSRO9,pRPS13,mCherry,tSRO9,biorep2,2074.226186577956
39,pRPS13-mCherry-tSUN4_biorep2,pRPS13-mCherry-tSUN4,pRPS13,mCherry,tSUN4,biorep2,1781.8052726725168
40,pRPS13-mCherry-tTOS6_biorep2,pRPS13-mCherry-tTOS6,pRPS13,mCherry,tTOS6,biorep2,1993.9095254925965
41,pRPS3-mCherry-tCLN2_biorep2,pRPS3-mCherry-tCLN2,pRPS3,mCherry,tCLN2,biorep2,4745.102342437243
42,pRPS3-mCherry-tHSP26_biorep2,pRPS3-mCherry-tHSP26,pRPS3,mCherry,tHSP26,biorep2,2318.252544620445
43,pRPS3-mCherry-tPAB1_biorep2,pRPS3-mCherry-tPAB1,pRPS3,mCherry,tPAB1,biorep2,6363.304614973233
44,pRPS3-mCherry-tPGK1_biorep2,pRPS3-mCherry-tPGK1,pRPS3,mCherry,tPGK1,biorep2,3283.2732414254915
45,pRPS3-mCherry-tPMA1_biorep2,pRPS3-mCherry-tPMA1,pRPS3,mCherry,tPMA1,biorep2,935.87204069027
46,pRPS3-mCherry-tRPS13_biorep2,pRPS3-mCherry-tRPS13,pRPS3,mCherry,tRPS13,biorep2,5136.670732267903
47,pRPS3-mCherry-tRPS3_biorep2,pRPS3-mCherry-tRPS3,pRPS3,mCherry,tRPS3,biorep2,6694.095437294593
48,pRPS3-mCherry-tSRO9_biorep2,pRPS3-mCherry-tSRO9,pRPS3,mCherry,tSRO9,biorep2,1420.0593916346995
49,pRPS3-mCherry-tSUN4_biorep2,pRPS3-mCherry-tSUN4,pRPS3,mCherry,tSUN4,biorep2,1135.3200183517988
50,pRPS3-mCherry-tTOS6_biorep2,pRPS3-mCherry-tTOS6,pRPS3,mCherry,tTOS6,biorep2,1724.359893956492
51,pSRO9-mCherry-tCLN2_biorep2,pSRO9-mCherry-tCLN2,pSRO9,mCherry,tCLN2,biorep2,51.2578715822081
52,pSRO9-mCherry-tHSP26_biorep2,pSRO9-mCherry-tHSP26,pSRO9,mCherry,tHSP26,biorep2,4.4725925728981
53,pSRO9-mCherry-tPAB1_biorep2,pSRO9-mCherry-tPAB1,pSRO9,mCherry,tPAB1,biorep2,28.65059055629895
54,pSRO9-mCherry-tPGK1_biorep2,pSRO9-mCherry-tPGK1,pSRO9,mCherry,tPGK1,biorep2,-41.67010522377008
55,pSRO9-mCherry-tPMA1_biorep2,pSRO9-mCherry-tPMA1,pSRO9,mCherry,tPMA1,biorep2,28.02281787869239
56,pSRO9-mCherry-tRPS13_biorep2,pSRO9-mCherry-tRPS13,pSRO9,mCherry,tRPS13,biorep2,47.94509144162652
57,pSRO9-mCherry-tRPS3_biorep2,pSRO9-mCherry-tRPS3,pSRO9,mCherry,tRPS3,biorep2,5.174130795406166
58,pSRO9-mCherry-tSRO9_biorep2,pSRO9-mCherry-tSRO9,pSRO9,mCherry,tSRO9,biorep2,27.88528154864252
59,pSRO9-mCherry-tSUN4_biorep2,pSRO9-mCherry-tSUN4,pSRO9,mCherry,tSUN4,biorep2,26.322032054565454
60,pSRO9-mCherry-tTOS6_biorep2,pSRO9-mCherry-tTOS6,pSRO9,mCherry,tTOS6,biorep2,4.9225978155086505
2,pCLN2-mCherry-tCLN2_biorep3,pCLN2-mCherry-tCLN2,pCLN2,mCherry,tCLN2,biorep3,65.60524845803322
3,pCLN2-mCherry-tHSP26_biorep3,pCLN2-mCherry-tHSP26,pCLN2,mCherry,tHSP26,biorep3,41.03324342578987
4,pCLN2-mCherry-tPAB1_biorep3,pCLN2-mCherry-tPAB1,pCLN2,mCherry,tPAB1,biorep3,83.58525685695267
5,pCLN2-mCherry-tPGK1_biorep3,pCLN2-mCherry-tPGK1,pCLN2,mCherry,tPGK1,biorep3,81.94490866231945
6,pCLN2-mCherry-tPMA1_biorep3,pCLN2-mCherry-tPMA1,pCLN2,mCherry,tPMA1,biorep3,-4.492861196056987
7,pCLN2-mCherry-tRPS13_biorep3,pCLN2-mCherry-tRPS13,pCLN2,mCherry,tRPS13,biorep3,40.318879343197445
8,pCLN2-mCherry-tRPS3_biorep3,pCLN2-mCherry-tRPS3,pCLN2,mCherry,tRPS3,biorep3,98.26289875811608
9,pCLN2-mCherry-tSRO9_biorep3,pCLN2-mCherry-tSRO9,pCLN2,mCherry,tSRO9,biorep3,60.59525744222193
10,pCLN2-mCherry-tSUN4_biorep3,pCLN2-mCherry-tSUN4,pCLN2,mCherry,tSUN4,biorep3,18.340092955554283
11,pCLN2-mCherry-tTOS6_biorep3,pCLN2-mCherry-tTOS6,pCLN2,mCherry,tTOS6,biorep3,41.81912498578728
12,pHSP26-mCherry-tCLN2_biorep3,pHSP26-mCherry-tCLN2,pHSP26,mCherry,tCLN2,biorep3,9435.19541445811
13,pHSP26-mCherry-tHSP26_biorep3,pHSP26-mCherry-tHSP26,pHSP26,mCherry,tHSP26,biorep3,12165.380909194631
14,pHSP26-mCherry-tPAB1_biorep3,pHSP26-mCherry-tPAB1,pHSP26,mCherry,tPAB1,biorep3,12409.217598077412
15,pHSP26-mCherry-tPGK1_biorep3,pHSP26-mCherry-tPGK1,pHSP26,mCherry,tPGK1,biorep3,11457.854738404036
16,pHSP26-mCherry-tPMA1_biorep3,pHSP26-mCherry-tPMA1,pHSP26,mCherry,tPMA1,biorep3,4117.490089211608
17,pHSP26-mCherry-tRPS13_biorep3,pHSP26-mCherry-tRPS13,pHSP26,mCherry,tRPS13,biorep3,11188.086564424935
18,pHSP26-mCherry-tRPS3_biorep3,pHSP26-mCherry-tRPS3,pHSP26,mCherry,tRPS3,biorep3,11765.34062004398
19,pHSP26-mCherry-tSRO9_biorep3,pHSP26-mCherry-tSRO9,pHSP26,mCherry,tSRO9,biorep3,6715.173181423771
20,pHSP26-mCherry-tSUN4_biorep3,pHSP26-mCherry-tSUN4,pHSP26,mCherry,tSUN4,biorep3,5302.863649739794
21,pPGK1-mCherry-tCLN2_biorep3,pPGK1-mCherry-tCLN2,pPGK1,mCherry,tCLN2,biorep3,6166.2421971044505
22,pPGK1-mCherry-tHSP26_biorep3,pPGK1-mCherry-tHSP26,pPGK1,mCherry,tHSP26,biorep3,5504.4211136868735
23,pPGK1-mCherry-tPAB1_biorep3,pPGK1-mCherry-tPAB1,pPGK1,mCherry,tPAB1,biorep3,5073.919177655639
24,pPGK1-mCherry-tPGK1_biorep3,pPGK1-mCherry-tPGK1,pPGK1,mCherry,tPGK1,biorep3,4948.786919090756
25,pPGK1-mCherry-tPMA1_biorep3,pPGK1-mCherry-tPMA1,pPGK1,mCherry,tPMA1,biorep3,1356.3553326638605
26,pPGK1-mCherry-tRPS13_biorep3,pPGK1-mCherry-tRPS13,pPGK1,mCherry,tRPS13,biorep3,4212.1848776523975
27,pPGK1-mCherry-tRPS3_biorep3,pPGK1-mCherry-tRPS3,pPGK1,mCherry,tRPS3,biorep3,5762.450176261549
28,pPGK1-mCherry-tSRO9_biorep3,pPGK1-mCherry-tSRO9,pPGK1,mCherry,tSRO9,biorep3,2007.6207617260263
29,pPGK1-mCherry-tSUN4_biorep3,pPGK1-mCherry-tSUN4,pPGK1,mCherry,tSUN4,biorep3,2770.0871672674425
30,pPGK1-mCherry-tTOS6_biorep3,pPGK1-mCherry-tTOS6,pPGK1,mCherry,tTOS6,biorep3,2852.2216857445337
31,pRPS13-mCherry-tCLN2_biorep3,pRPS13-mCherry-tCLN2,pRPS13,mCherry,tCLN2,biorep3,4517.601573440978
32,pRPS13-mCherry-tHSP26_biorep3,pRPS13-mCherry-tHSP26,pRPS13,mCherry,tHSP26,biorep3,3702.19813326978
33,pRPS13-mCherry-tPAB1_biorep3,pRPS13-mCherry-tPAB1,pRPS13,mCherry,tPAB1,biorep3,4252.961774350259
34,pRPS13-mCherry-tPGK1_biorep3,pRPS13-mCherry-tPGK1,pRPS13,mCherry,tPGK1,biorep3,3293.965374743763
35,pRPS13-mCherry-tPMA1_biorep3,pRPS13-mCherry-tPMA1,pRPS13,mCherry,tPMA1,biorep3,790.846220119786
36,pRPS13-mCherry-tRPS13_biorep3,pRPS13-mCherry-tRPS13,pRPS13,mCherry,tRPS13,biorep3,4617.546960167612
37,pRPS13-mCherry-tRPS3_biorep3,pRPS13-mCherry-tRPS3,pRPS13,mCherry,tRPS3,biorep3,4536.196723296192
38,pRPS13-mCherry-tSRO9_biorep3,pRPS13-mCherry-tSRO9,pRPS13,mCherry,tSRO9,biorep3,1580.063543861915
39,pRPS13-mCherry-tSUN4_biorep3,pRPS13-mCherry-tSUN4,pRPS13,mCherry,tSUN4,biorep3,1288.017556469336
40,pRPS13-mCherry-tTOS6_biorep3,pRPS13-mCherry-tTOS6,pRPS13,mCherry,tTOS6,biorep3,1764.1523802658166
41,pRPS3-mCherry-tCLN2_biorep3,pRPS3-mCherry-tCLN2,pRPS3,mCherry,tCLN2,biorep3,3696.7267230986154
42,pRPS3-mCherry-tHSP26_biorep3,pRPS3-mCherry-tHSP26,pRPS3,mCherry,tHSP26,biorep3,2052.167557858907
43,pRPS3-mCherry-tPAB1_biorep3,pRPS3-mCherry-tPAB1,pRPS3,mCherry,tPAB1,biorep3,3785.467906120943
44,pRPS3-mCherry-tPGK1_biorep3,pRPS3-mCherry-tPGK1,pRPS3,mCherry,tPGK1,biorep3,2427.3151900590187
45,pRPS3-mCherry-tPMA1_biorep3,pRPS3-mCherry-tPMA1,pRPS3,mCherry,tPMA1,biorep3,790.0253173070587
46,pRPS3-mCherry-tRPS13_biorep3,pRPS3-mCherry-tRPS13,pRPS3,mCherry,tRPS13,biorep3,3701.976206319551
47,pRPS3-mCherry-tRPS3_biorep3,pRPS3-mCherry-tRPS3,pRPS3,mCherry,tRPS3,biorep3,4804.46481674309
48,pRPS3-mCherry-tSRO9_biorep3,pRPS3-mCherry-tSRO9,pRPS3,mCherry,tSRO9,biorep3,1378.8439811702958
49,pRPS3-mCherry-tSUN4_biorep3,pRPS3-mCherry-tSUN4,pRPS3,mCherry,tSUN4,biorep3,1071.9860443127145
50,pRPS3-mCherry-tTOS6_biorep3,pRPS3-mCherry-tTOS6,pRPS3,mCherry,tTOS6,biorep3,1516.1277274041918
51,pSRO9-mCherry-tCLN2_biorep3,pSRO9-mCherry-tCLN2,pSRO9,mCherry,tCLN2,biorep3,77.70205304350355
52,pSRO9-mCherry-tHSP26_biorep3,pSRO9-mCherry-tHSP26,pSRO9,mCherry,tHSP26,biorep3,-3.815052091165539
53,pSRO9-mCherry-tPAB1_biorep3,pSRO9-mCherry-tPAB1,pSRO9,mCherry,tPAB1,biorep3,62.05905328265033
54,pSRO9-mCherry-tPGK1_biorep3,pSRO9-mCherry-tPGK1,pSRO9,mCherry,tPGK1,biorep3,-2.714018525635479
55,pSRO9-mCherry-tPMA1_biorep3,pSRO9-mCherry-tPMA1,pSRO9,mCherry,tPMA1,biorep3,17.843961464150553
56,pSRO9-mCherry-tRPS13_biorep3,pSRO9-mCherry-tRPS13,pSRO9,mCherry,tRPS13,biorep3,77.9024902181237
57,pSRO9-mCherry-tRPS3_biorep3,pSRO9-mCherry-tRPS3,pSRO9,mCherry,tRPS3,biorep3,17.93132669993663
58,pSRO9-mCherry-tSRO9_biorep3,pSRO9-mCherry-tSRO9,pSRO9,mCherry,tSRO9,biorep3,-3.2591946977416915
59,pSRO9-mCherry-tSUN4_biorep3,pSRO9-mCherry-tSUN4,pSRO9,mCherry,tSUN4,biorep3,16.92369971018932
60,pSRO9-mCherry-tTOS6_biorep3,pSRO9-mCherry-tTOS6,pSRO9,mCherry,tTOS6,biorep3,39.60131930234097
2,pCLN2-mCherry-tCLN2_biorep4,pCLN2-mCherry-tCLN2,pCLN2,mCherry,tCLN2,biorep4,89.04285570176422
3,pCLN2-mCherry-tHSP26_biorep4,pCLN2-mCherry-tHSP26,pCLN2,mCherry,tHSP26,biorep4,22.725411604559227
4,pCLN2-mCherry-tPAB1_biorep4,pCLN2-mCherry-tPAB1,pCLN2,mCherry,tPAB1,biorep4,85.64708522117763
5,pCLN2-mCherry-tPGK1_biorep4,pCLN2-mCherry-tPGK1,pCLN2,mCherry,tPGK1,biorep4,23.627145442615223
6,pCLN2-mCherry-tPMA1_biorep4,pCLN2-mCherry-tPMA1,pCLN2,mCherry,tPMA1,biorep4,49.85629991155194
7,pCLN2-mCherry-tRPS13_biorep4,pCLN2-mCherry-tRPS13,pCLN2,mCherry,tRPS13,biorep4,24.38324029076591
8,pCLN2-mCherry-tRPS3_biorep4,pCLN2-mCherry-tRPS3,pCLN2,mCherry,tRPS3,biorep4,118.01236964040284
9,pCLN2-mCherry-tSRO9_biorep4,pCLN2-mCherry-tSRO9,pCLN2,mCherry,tSRO9,biorep4,23.93962621464821
10,pCLN2-mCherry-tSUN4_biorep4,pCLN2-mCherry-tSUN4,pCLN2,mCherry,tSUN4,biorep4,49.99616089745408
11,pCLN2-mCherry-tTOS6_biorep4,pCLN2-mCherry-tTOS6,pCLN2,mCherry,tTOS6,biorep4,49.01547074815039
12,pHSP26-mCherry-tCLN2_biorep4,pHSP26-mCherry-tCLN2,pHSP26,mCherry,tCLN2,biorep4,7580.48973952272
13,pHSP26-mCherry-tHSP26_biorep4,pHSP26-mCherry-tHSP26,pHSP26,mCherry,tHSP26,biorep4,7477.433803209604
14,pHSP26-mCherry-tPAB1_biorep4,pHSP26-mCherry-tPAB1,pHSP26,mCherry,tPAB1,biorep4,8463.876394517249
15,pHSP26-mCherry-tPGK1_biorep4,pHSP26-mCherry-tPGK1,pHSP26,mCherry,tPGK1,biorep4,10801.09306478268
16,pHSP26-mCherry-tPMA1_biorep4,pHSP26-mCherry-tPMA1,pHSP26,mCherry,tPMA1,biorep4,4902.345507734902
17,pHSP26-mCherry-tRPS13_biorep4,pHSP26-mCherry-tRPS13,pHSP26,mCherry,tRPS13,biorep4,10282.551135413883
18,pHSP26-mCherry-tRPS3_biorep4,pHSP26-mCherry-tRPS3,pHSP26,mCherry,tRPS3,biorep4,11313.70362666434
19,pHSP26-mCherry-tSRO9_biorep4,pHSP26-mCherry-tSRO9,pHSP26,mCherry,tSRO9,biorep4,6936.342018057239
20,pHSP26-mCherry-tSUN4_biorep4,pHSP26-mCherry-tSUN4,pHSP26,mCherry,tSUN4,biorep4,4727.017884674221
21,pPGK1-mCherry-tCLN2_biorep4,pPGK1-mCherry-tCLN2,pPGK1,mCherry,tCLN2,biorep4,4934.533072211822
22,pPGK1-mCherry-tHSP26_biorep4,pPGK1-mCherry-tHSP26,pPGK1,mCherry,tHSP26,biorep4,4129.770875623714
23,pPGK1-mCherry-tPAB1_biorep4,pPGK1-mCherry-tPAB1,pPGK1,mCherry,tPAB1,biorep4,4536.41779300223
24,pPGK1-mCherry-tPGK1_biorep4,pPGK1-mCherry-tPGK1,pPGK1,mCherry,tPGK1,biorep4,4494.716311520788
25,pPGK1-mCherry-tPMA1_biorep4,pPGK1-mCherry-tPMA1,pPGK1,mCherry,tPMA1,biorep4,1065.8272619208287
26,pPGK1-mCherry-tRPS13_biorep4,pPGK1-mCherry-tRPS13,pPGK1,mCherry,tRPS13,biorep4,4444.530877101097
27,pPGK1-mCherry-tRPS3_biorep4,pPGK1-mCherry-tRPS3,pPGK1,mCherry,tRPS3,biorep4,4617.570551047271
28,pPGK1-mCherry-tSRO9_biorep4,pPGK1-mCherry-tSRO9,pPGK1,mCherry,tSRO9,biorep4,1847.3911738717468
29,pPGK1-mCherry-tSUN4_biorep4,pPGK1-mCherry-tSUN4,pPGK1,mCherry,tSUN4,biorep4,2218.242712636538
30,pPGK1-mCherry-tTOS6_biorep4,pPGK1-mCherry-tTOS6,pPGK1,mCherry,tTOS6,biorep4,2465.81011950907
31,pRPS13-mCherry-tCLN2_biorep4,pRPS13-mCherry-tCLN2,pRPS13,mCherry,tCLN2,biorep4,4679.304541695256
32,pRPS13-mCherry-tHSP26_biorep4,pRPS13-mCherry-tHSP26,pRPS13,mCherry,tHSP26,biorep4,4781.401300039352
33,pRPS13-mCherry-tPAB1_biorep4,pRPS13-mCherry-tPAB1,pRPS13,mCherry,tPAB1,biorep4,5615.5251686386655
34,pRPS13-mCherry-tPGK1_biorep4,pRPS13-mCherry-tPGK1,pRPS13,mCherry,tPGK1,biorep4,3882.544059947977
35,pRPS13-mCherry-tPMA1_biorep4,pRPS13-mCherry-tPMA1,pRPS13,mCherry,tPMA1,biorep4,1003.800421250737
36,pRPS13-mCherry-tRPS13_biorep4,pRPS13-mCherry-tRPS13,pRPS13,mCherry,tRPS13,biorep4,5261.289206646283
37,pRPS13-mCherry-tRPS3_biorep4,pRPS13-mCherry-tRPS3,pRPS13,mCherry,tRPS3,biorep4,6288.57587312425
38,pRPS13-mCherry-tSRO9_biorep4,pRPS13-mCherry-tSRO9,pRPS13,mCherry,tSRO9,biorep4,2148.242163160801
39,pRPS13-mCherry-tSUN4_biorep4,pRPS13-mCherry-tSUN4,pRPS13,mCherry,tSUN4,biorep4,1732.8057877158606
40,pRPS13-mCherry-tTOS6_biorep4,pRPS13-mCherry-tTOS6,pRPS13,mCherry,tTOS6,biorep4,2052.182252291868
41,pRPS3-mCherry-tCLN2_biorep4,pRPS3-mCherry-tCLN2,pRPS3,mCherry,tCLN2,biorep4,4237.985151926095
42,pRPS3-mCherry-tHSP26_biorep4,pRPS3-mCherry-tHSP26,pRPS3,mCherry,tHSP26,biorep4,2112.8349072659216
43,pRPS3-mCherry-tPAB1_biorep4,pRPS3-mCherry-tPAB1,pRPS3,mCherry,tPAB1,biorep4,4829.934703866185
44,pRPS3-mCherry-tPGK1_biorep4,pRPS3-mCherry-tPGK1,pRPS3,mCherry,tPGK1,biorep4,3293.2094445413327
45,pRPS3-mCherry-tPMA1_biorep4,pRPS3-mCherry-tPMA1,pRPS3,mCherry,tPMA1,biorep4,950.554338538216
46,pRPS3-mCherry-tRPS13_biorep4,pRPS3-mCherry-tRPS13,pRPS3,mCherry,tRPS13,biorep4,4853.436249660623
47,pRPS3-mCherry-tRPS3_biorep4,pRPS3-mCherry-tRPS3,pRPS3,mCherry,tRPS3,biorep4,6409.823828205521
48,pRPS3-mCherry-tSRO9_biorep4,pRPS3-mCherry-tSRO9,pRPS3,mCherry,tSRO9,biorep4,1647.7369693444052
49,pRPS3-mCherry-tSUN4_biorep4,pRPS3-mCherry-tSUN4,pRPS3,mCherry,tSUN4,biorep4,1320.9542194552178
50,pRPS3-mCherry-tTOS6_biorep4,pRPS3-mCherry-tTOS6,pRPS3,mCherry,tTOS6,biorep4,1165.8031532165958
51,pSRO9-mCherry-tCLN2_biorep4,pSRO9-mCherry-tCLN2,pSRO9,mCherry,tCLN2,biorep4,22.817853293774512
52,pSRO9-mCherry-tHSP26_biorep4,pSRO9-mCherry-tHSP26,pSRO9,mCherry,tHSP26,biorep4,23.350720209093492
53,pSRO9-mCherry-tPAB1_biorep4,pSRO9-mCherry-tPAB1,pSRO9,mCherry,tPAB1,biorep4,46.96165827837444
54,pSRO9-mCherry-tPGK1_biorep4,pSRO9-mCherry-tPGK1,pSRO9,mCherry,tPGK1,biorep4,0.3800644174468673
55,pSRO9-mCherry-tPMA1_biorep4,pSRO9-mCherry-tPMA1,pSRO9,mCherry,tPMA1,biorep4,46.228386300046296
56,pSRO9-mCherry-tRPS13_biorep4,pSRO9-mCherry-tRPS13,pSRO9,mCherry,tRPS13,biorep4,23.4352018785376
57,pSRO9-mCherry-tRPS3_biorep4,pSRO9-mCherry-tRPS3,pSRO9,mCherry,tRPS3,biorep4,23.166608972267785
58,pSRO9-mCherry-tSRO9_biorep4,pSRO9-mCherry-tSRO9,pSRO9,mCherry,tSRO9,biorep4,23.532472923868305
59,pSRO9-mCherry-tSUN4_biorep4,pSRO9-mCherry-tSUN4,pSRO9,mCherry,tSUN4,biorep4,22.859003523841967
60,pSRO9-mCherry-tTOS6_biorep4,pSRO9-mCherry-tTOS6,pSRO9,mCherry,tTOS6,biorep4,44.0593894652963
2,pCLN2-mCherry-tCLN2_biorep5,pCLN2-mCherry-tCLN2,pCLN2,mCherry,tCLN2,biorep5,118.25067063530317
3,pCLN2-mCherry-tHSP26_biorep5,pCLN2-mCherry-tHSP26,pCLN2,mCherry,tHSP26,biorep5,85.55025128673799
4,pCLN2-mCherry-tPAB1_biorep5,pCLN2-mCherry-tPAB1,pCLN2,mCherry,tPAB1,biorep5,89.16404788225222
5,pCLN2-mCherry-tPGK1_biorep5,pCLN2-mCherry-tPGK1,pCLN2,mCherry,tPGK1,biorep5,63.66382016578687
6,pCLN2-mCherry-tPMA1_biorep5,pCLN2-mCherry-tPMA1,pCLN2,mCherry,tPMA1,biorep5,64.89319828625138
7,pCLN2-mCherry-tRPS13_biorep5,pCLN2-mCherry-tRPS13,pCLN2,mCherry,tRPS13,biorep5,85.45468571113607
8,pCLN2-mCherry-tRPS3_biorep5,pCLN2-mCherry-tRPS3,pCLN2,mCherry,tRPS3,biorep5,77.91039087788965
9,pCLN2-mCherry-tSRO9_biorep5,pCLN2-mCherry-tSRO9,pCLN2,mCherry,tSRO9,biorep5,42.4694410946866
10,pCLN2-mCherry-tSUN4_biorep5,pCLN2-mCherry-tSUN4,pCLN2,mCherry,tSUN4,biorep5,64.70476717076104
11,pCLN2-mCherry-tTOS6_biorep5,pCLN2-mCherry-tTOS6,pCLN2,mCherry,tTOS6,biorep5,42.10155480714383
12,pHSP26-mCherry-tCLN2_biorep5,pHSP26-mCherry-tCLN2,pHSP26,mCherry,tCLN2,biorep5,12484.128306601047
13,pHSP26-mCherry-tHSP26_biorep5,pHSP26-mCherry-tHSP26,pHSP26,mCherry,tHSP26,biorep5,19750.20455760164
14,pHSP26-mCherry-tPAB1_biorep5,pHSP26-mCherry-tPAB1,pHSP26,mCherry,tPAB1,biorep5,19763.482887964285
15,pHSP26-mCherry-tPGK1_biorep5,pHSP26-mCherry-tPGK1,pHSP26,mCherry,tPGK1,biorep5,18947.648230190556
16,pHSP26-mCherry-tPMA1_biorep5,pHSP26-mCherry-tPMA1,pHSP26,mCherry,tPMA1,biorep5,5623.901566059906
17,pHSP26-mCherry-tRPS13_biorep5,pHSP26-mCherry-tRPS13,pHSP26,mCherry,tRPS13,biorep5,14227.844749978312
18,pHSP26-mCherry-tRPS3_biorep5,pHSP26-mCherry-tRPS3,pHSP26,mCherry,tRPS3,biorep5,17820.14655560461
19,pHSP26-mCherry-tSRO9_biorep5,pHSP26-mCherry-tSRO9,pHSP26,mCherry,tSRO9,biorep5,5944.077114952195
20,pHSP26-mCherry-tSUN4_biorep5,pHSP26-mCherry-tSUN4,pHSP26,mCherry,tSUN4,biorep5,6329.869610171786
21,pHSP26-mCherry-tTOS6_biorep5,pHSP26-mCherry-tTOS6,pHSP26,mCherry,tTOS6,biorep5,13008.737531343855
22,pPGK1-mCherry-tCLN2_biorep5,pPGK1-mCherry-tCLN2,pPGK1,mCherry,tCLN2,biorep5,5386.506609062266
23,pPGK1-mCherry-tHSP26_biorep5,pPGK1-mCherry-tHSP26,pPGK1,mCherry,tHSP26,biorep5,5661.309986803258
24,pPGK1-mCherry-tPAB1_biorep5,pPGK1-mCherry-tPAB1,pPGK1,mCherry,tPAB1,biorep5,5454.449341274443
25,pPGK1-mCherry-tPGK1_biorep5,pPGK1-mCherry-tPGK1,pPGK1,mCherry,tPGK1,biorep5,4411.376094448449
26,pPGK1-mCherry-tPMA1_biorep5,pPGK1-mCherry-tPMA1,pPGK1,mCherry,tPMA1,biorep5,1343.390497324946
27,pPGK1-mCherry-tRPS13_biorep5,pPGK1-mCherry-tRPS13,pPGK1,mCherry,tRPS13,biorep5,3938.887964772781
28,pPGK1-mCherry-tRPS3_biorep5,pPGK1-mCherry-tRPS3,pPGK1,mCherry,tRPS3,biorep5,4681.488850585703
29,pPGK1-mCherry-tSRO9_biorep5,pPGK1-mCherry-tSRO9,pPGK1,mCherry,tSRO9,biorep5,2024.800445467254
30,pPGK1-mCherry-tSUN4_biorep5,pPGK1-mCherry-tSUN4,pPGK1,mCherry,tSUN4,biorep5,2303.917827105989
31,pPGK1-mCherry-tTOS6_biorep5,pPGK1-mCherry-tTOS6,pPGK1,mCherry,tTOS6,biorep5,2768.9237503443755
32,pRPS13-mCherry-tCLN2_biorep5,pRPS13-mCherry-tCLN2,pRPS13,mCherry,tCLN2,biorep5,4990.651662635757
33,pRPS13-mCherry-tHSP26_biorep5,pRPS13-mCherry-tHSP26,pRPS13,mCherry,tHSP26,biorep5,4602.224229857314
34,pRPS13-mCherry-tPAB1_biorep5,pRPS13-mCherry-tPAB1,pRPS13,mCherry,tPAB1,biorep5,5564.30005956867
35,pRPS13-mCherry-tPGK1_biorep5,pRPS13-mCherry-tPGK1,pRPS13,mCherry,tPGK1,biorep5,3370.7984633911165
36,pRPS13-mCherry-tPMA1_biorep5,pRPS13-mCherry-tPMA1,pRPS13,mCherry,tPMA1,biorep5,567.1278033789077
37,pRPS13-mCherry-tRPS13_biorep5,pRPS13-mCherry-tRPS13,pRPS13,mCherry,tRPS13,biorep5,4583.11729075228
38,pRPS13-mCherry-tRPS3_biorep5,pRPS13-mCherry-tRPS3,pRPS13,mCherry,tRPS3,biorep5,5285.637315355823
39,pRPS13-mCherry-tSRO9_biorep5,pRPS13-mCherry-tSRO9,pRPS13,mCherry,tSRO9,biorep5,1781.827025531737
40,pRPS13-mCherry-tSUN4_biorep5,pRPS13-mCherry-tSUN4,pRPS13,mCherry,tSUN4,biorep5,1714.357665077374
41,pRPS13-mCherry-tTOS6_biorep5,pRPS13-mCherry-tTOS6,pRPS13,mCherry,tTOS6,biorep5,1866.6002558685263
42,pRPS3-mCherry-tCLN2_biorep5,pRPS3-mCherry-tCLN2,pRPS3,mCherry,tCLN2,biorep5,5271.474229531748
43,pRPS3-mCherry-tHSP26_biorep5,pRPS3-mCherry-tHSP26,pRPS3,mCherry,tHSP26,biorep5,2462.931691133322
44,pRPS3-mCherry-tPAB1_biorep5,pRPS3-mCherry-tPAB1,pRPS3,mCherry,tPAB1,biorep5,5162.567772981171
45,pRPS3-mCherry-tPGK1_biorep5,pRPS3-mCherry-tPGK1,pRPS3,mCherry,tPGK1,biorep5,3112.5127200060915
46,pRPS3-mCherry-tPMA1_biorep5,pRPS3-mCherry-tPMA1,pRPS3,mCherry,tPMA1,biorep5,835.2252152031302
47,pRPS3-mCherry-tRPS13_biorep5,pRPS3-mCherry-tRPS13,pRPS3,mCherry,tRPS13,biorep5,4015.392398248392
48,pRPS3-mCherry-tRPS3_biorep5,pRPS3-mCherry-tRPS3,pRPS3,mCherry,tRPS3,biorep5,5845.860942646496
49,pRPS3-mCherry-tSRO9_biorep5,pRPS3-mCherry-tSRO9,pRPS3,mCherry,tSRO9,biorep5,1572.2841921738232
50,pRPS3-mCherry-tSUN4_biorep5,pRPS3-mCherry-tSUN4,pRPS3,mCherry,tSUN4,biorep5,1448.131009719585
51,pRPS3-mCherry-tTOS6_biorep5,pRPS3-mCherry-tTOS6,pRPS3,mCherry,tTOS6,biorep5,1586.9687983948854
52,pSRO9-mCherry-tCLN2_biorep5,pSRO9-mCherry-tCLN2,pSRO9,mCherry,tCLN2,biorep5,78.23217144365466
53,pSRO9-mCherry-tHSP26_biorep5,pSRO9-mCherry-tHSP26,pSRO9,mCherry,tHSP26,biorep5,42.04691959111938
54,pSRO9-mCherry-tPAB1_biorep5,pSRO9-mCherry-tPAB1,pSRO9,mCherry,tPAB1,biorep5,106.49687268391725
55,pSRO9-mCherry-tPGK1_biorep5,pSRO9-mCherry-tPGK1,pSRO9,mCherry,tPGK1,biorep5,62.08909381333228
56,pSRO9-mCherry-tPMA1_biorep5,pSRO9-mCherry-tPMA1,pSRO9,mCherry,tPMA1,biorep5,21.444947347265703
57,pSRO9-mCherry-tRPS13_biorep5,pSRO9-mCherry-tRPS13,pSRO9,mCherry,tRPS13,biorep5,65.92196831575312
58,pSRO9-mCherry-tRPS3_biorep5,pSRO9-mCherry-tRPS3,pSRO9,mCherry,tRPS3,biorep5,41.057574201326986
59,pSRO9-mCherry-tSRO9_biorep5,pSRO9-mCherry-tSRO9,pSRO9,mCherry,tSRO9,biorep5,43.6078590693115
60,pSRO9-mCherry-tSUN4_biorep5,pSRO9-mCherry-tSUN4,pSRO9,mCherry,tSUN4,biorep5,22.186153664842777
61,pSRO9-mCherry-tTOS6_biorep5,pSRO9-mCherry-tTOS6,pSRO9,mCherry,tTOS6,biorep5,42.69246696004949
2,pHSP26-mCherry-tCLN2_biorep6,pHSP26-mCherry-tCLN2,pHSP26,mCherry,tCLN2,biorep6,10819.699822045955
3,pHSP26-mCherry-tCLN2_biorep7,pHSP26-mCherry-tCLN2,pHSP26,mCherry,tCLN2,biorep7,9307.623939207053
4,pHSP26-mCherry-tCLN2_biorep8,pHSP26-mCherry-tCLN2,pHSP26,mCherry,tCLN2,biorep8,10917.27404842448
5,pHSP26-mCherry-tHSP26_biorep6,pHSP26-mCherry-tHSP26,pHSP26,mCherry,tHSP26,biorep6,11643.73855405612
6,pHSP26-mCherry-tHSP26_biorep7,pHSP26-mCherry-tHSP26,pHSP26,mCherry,tHSP26,biorep7,9871.546043633376
7,pHSP26-mCherry-tHSP26_biorep8,pHSP26-mCherry-tHSP26,pHSP26,mCherry,tHSP26,biorep8,9557.09720647101
8,pHSP26-mCherry-tPAB1_biorep6,pHSP26-mCherry-tPAB1,pHSP26,mCherry,tPAB1,biorep6,11734.903341335035
9,pHSP26-mCherry-tPAB1_biorep7,pHSP26-mCherry-tPAB1,pHSP26,mCherry,tPAB1,biorep7,11546.760818915343
10,pHSP26-mCherry-tPAB1_biorep8,pHSP26-mCherry-tPAB1,pHSP26,mCherry,tPAB1,biorep8,10641.470942556583
11,pHSP26-mCherry-tPGK1_biorep6,pHSP26-mCherry-tPGK1,pHSP26,mCherry,tPGK1,biorep6,10039.106176651978
12,pHSP26-mCherry-tPGK1_biorep7,pHSP26-mCherry-tPGK1,pHSP26,mCherry,tPGK1,biorep7,10589.604087623473
13,pHSP26-mCherry-tPGK1_biorep8,pHSP26-mCherry-tPGK1,pHSP26,mCherry,tPGK1,biorep8,11537.168181260344
14,pHSP26-mCherry-tPMA1_biorep6,pHSP26-mCherry-tPMA1,pHSP26,mCherry,tPMA1,biorep6,2669.172979505953
15,pHSP26-mCherry-tPMA1_biorep7,pHSP26-mCherry-tPMA1,pHSP26,mCherry,tPMA1,biorep7,2894.397582789379
16,pHSP26-mCherry-tPMA1_biorep8,pHSP26-mCherry-tPMA1,pHSP26,mCherry,tPMA1,biorep8,2635.5115624756886
17,pHSP26-mCherry-tRPS13_biorep6,pHSP26-mCherry-tRPS13,pHSP26,mCherry,tRPS13,biorep6,9094.524479630383
18,pHSP26-mCherry-tRPS13_biorep7,pHSP26-mCherry-tRPS13,pHSP26,mCherry,tRPS13,biorep7,8281.936805106647
19,pHSP26-mCherry-tRPS13_biorep8,pHSP26-mCherry-tRPS13,pHSP26,mCherry,tRPS13,biorep8,8851.363090849796
20,pHSP26-mCherry-tRPS3_biorep6,pHSP26-mCherry-tRPS3,pHSP26,mCherry,tRPS3,biorep6,10846.856388062022
21,pHSP26-mCherry-tRPS3_biorep7,pHSP26-mCherry-tRPS3,pHSP26,mCherry,tRPS3,biorep7,10264.94320068707
22,pHSP26-mCherry-tRPS3_biorep8,pHSP26-mCherry-tRPS3,pHSP26,mCherry,tRPS3,biorep8,10449.88466571583
23,pHSP26-mCherry-tSRO9_biorep6,pHSP26-mCherry-tSRO9,pHSP26,mCherry,tSRO9,biorep6,3829.276481820709
24,pHSP26-mCherry-tSRO9_biorep7,pHSP26-mCherry-tSRO9,pHSP26,mCherry,tSRO9,biorep7,4383.198135592022
25,pHSP26-mCherry-tSRO9_biorep8,pHSP26-mCherry-tSRO9,pHSP26,mCherry,tSRO9,biorep8,3868.893755353529
26,pHSP26-mCherry-tSUN4_biorep6,pHSP26-mCherry-tSUN4,pHSP26,mCherry,tSUN4,biorep6,4071.052584952105
27,pHSP26-mCherry-tSUN4_biorep7,pHSP26-mCherry-tSUN4,pHSP26,mCherry,tSUN4,biorep7,4141.735990444459
28,pHSP26-mCherry-tSUN4_biorep8,pHSP26-mCherry-tSUN4,pHSP26,mCherry,tSUN4,biorep8,4164.150036858052
29,pHSP26-mCherry-tTOS6_biorep6,pHSP26-mCherry-tTOS6,pHSP26,mCherry,tTOS6,biorep6,6706.535037806932
30,pHSP26-mCherry-tTOS6_biorep7,pHSP26-mCherry-tTOS6,pHSP26,mCherry,tTOS6,biorep7,6767.219804148722
31,pHSP26-mCherry-tTOS6_biorep8,pHSP26-mCherry-tTOS6,pHSP26,mCherry,tTOS6,biorep8,8165.481924855649
32,pHSP26-mCherry-tTOS6_biorep9,pHSP26-mCherry-tTOS6,pHSP26,mCherry,tTOS6,biorep9,7964.215866258592
33,pPGK1-mCherry-tCLN2_biorep6,pPGK1-mCherry-tCLN2,pPGK1,mCherry,tCLN2,biorep6,4717.708468713443
34,pPGK1-mCherry-tHSP26_biorep6,pPGK1-mCherry-tHSP26,pPGK1,mCherry,tHSP26,biorep6,5111.83316803466
35,pPGK1-mCherry-tPAB1_biorep6,pPGK1-mCherry-tPAB1,pPGK1,mCherry,tPAB1,biorep6,5588.762708041186
36,pPGK1-mCherry-tPGK1_biorep6,pPGK1-mCherry-tPGK1,pPGK1,mCherry,tPGK1,biorep6,4702.348779474651
37,pPGK1-mCherry-tPMA1_biorep6,pPGK1-mCherry-tPMA1,pPGK1,mCherry,tPMA1,biorep6,1238.246876352911
38,pPGK1-mCherry-tRPS13_biorep6,pPGK1-mCherry-tRPS13,pPGK1,mCherry,tRPS13,biorep6,3594.674385474486
39,pPGK1-mCherry-tRPS3_biorep6,pPGK1-mCherry-tRPS3,pPGK1,mCherry,tRPS3,biorep6,4402.202555917886
40,pPGK1-mCherry-tSRO9_biorep6,pPGK1-mCherry-tSRO9,pPGK1,mCherry,tSRO9,biorep6,1650.6034740636069
41,pPGK1-mCherry-tSUN4_biorep6,pPGK1-mCherry-tSUN4,pPGK1,mCherry,tSUN4,biorep6,1852.020843251754
42,pPGK1-mCherry-tTOS6_biorep6,pPGK1-mCherry-tTOS6,pPGK1,mCherry,tTOS6,biorep6,2208.217260955648
43,pRPS13-mCherry-tCLN2_biorep6,pRPS13-mCherry-tCLN2,pRPS13,mCherry,tCLN2,biorep6,5177.028288733142
44,pRPS13-mCherry-tHSP26_biorep6,pRPS13-mCherry-tHSP26,pRPS13,mCherry,tHSP26,biorep6,4404.30243656028
45,pRPS13-mCherry-tPAB1_biorep6,pRPS13-mCherry-tPAB1,pRPS13,mCherry,tPAB1,biorep6,5715.376566860975
46,pRPS13-mCherry-tPGK1_biorep6,pRPS13-mCherry-tPGK1,pRPS13,mCherry,tPGK1,biorep6,3750.047533451461
47,pRPS13-mCherry-tPMA1_biorep6,pRPS13-mCherry-tPMA1,pRPS13,mCherry,tPMA1,biorep6,1012.2132825820906
48,pRPS13-mCherry-tRPS13_biorep6,pRPS13-mCherry-tRPS13,pRPS13,mCherry,tRPS13,biorep6,5055.283023166558
49,pRPS13-mCherry-tRPS3_biorep6,pRPS13-mCherry-tRPS3,pRPS13,mCherry,tRPS3,biorep6,4818.588297291799
50,pRPS13-mCherry-tSRO9_biorep6,pRPS13-mCherry-tSRO9,pRPS13,mCherry,tSRO9,biorep6,1812.457747366964
51,pRPS13-mCherry-tSUN4_biorep6,pRPS13-mCherry-tSUN4,pRPS13,mCherry,tSUN4,biorep6,1411.9547976683689
52,pRPS13-mCherry-tTOS6_biorep6,pRPS13-mCherry-tTOS6,pRPS13,mCherry,tTOS6,biorep6,1698.7627480376884
53,pRPS3-mCherry-tCLN2_biorep6_biorep6,pRPS3-mCherry-tCLN2,pRPS3,mCherry,tCLN2,biorep6,5016.5267044212
54,pRPS3-mCherry-tHSP26_biorep6,pRPS3-mCherry-tHSP26,pRPS3,mCherry,tHSP26,biorep6,2506.4790163258062
55,pRPS3-mCherry-tPAB1_biorep6,pRPS3-mCherry-tPAB1,pRPS3,mCherry,tPAB1,biorep6,4819.359661886933
56,pRPS3-mCherry-tPGK1_biorep6,pRPS3-mCherry-tPGK1,pRPS3,mCherry,tPGK1,biorep6,3338.7962144318376
57,pRPS3-mCherry-tPMA1_biorep6,pRPS3-mCherry-tPMA1,pRPS3,mCherry,tPMA1,biorep6,889.3735550977954
58,pRPS3-mCherry-tRPS13_biorep6,pRPS3-mCherry-tRPS13,pRPS3,mCherry,tRPS13,biorep6,4675.948545336899
59,pRPS3-mCherry-tRPS3_biorep6,pRPS3-mCherry-tRPS3,pRPS3,mCherry,tRPS3,biorep6,5465.177322796083
60,pRPS3-mCherry-tSRO9_biorep6,pRPS3-mCherry-tSRO9,pRPS3,mCherry,tSRO9,biorep6,1428.8896961063278
61,pRPS3-mCherry-tSUN4_biorep6,pRPS3-mCherry-tSUN4,pRPS3,mCherry,tSUN4,biorep6,1323.2924508139768
62,pRPS3-mCherry-tTOS6_biorep6,pRPS3-mCherry-tTOS6,pRPS3,mCherry,tTOS6,biorep6,1754.63796049919
